date,category,keyword,title,source,published_at,description
2026-05-07,finance,stock market,GameStop Stock Climbs as Meme Favorite Eyes $56B eBay Takeover in Bold Ryan Cohen Move,Ibtimes.com.au,2026-05-06T14:10:54Z,"NEW YORK — GameStop Corp. shares rose more than 1% in early trading Wednesday, May 6, 2026, holding near $24.48 as investors digested the video game retailer's audacious unsolicited bid to acquire eBay for approximately $56 billion, a move that has reignited …"
2026-05-07,finance,stock market,AMD Stock Explodes 15%+: AI Chip Demand Fuels Blockbuster Q1 Earnings and Bullish Outlook,Ibtimes.com.au,2026-05-06T14:08:32Z,"NEW YORK — Advanced Micro Devices Inc. shares skyrocketed more than 15% in early trading Wednesday, May 6, 2026, after the semiconductor giant delivered stronger-than-expected first-quarter results and raised expectations for continued explosive growth driven…"
2026-05-07,finance,stock market,NYSE tokenization partners warn synthetic stock tokens could mislead retail traders,CoinDesk,2026-05-06T14:08:04Z,"Offshore synthetic tokens may not represent the underlying equity, use company names without approval, and exploit regulatory arbitrage."
2026-05-07,finance,stock market,Bristlemoon Global Fund: AppLovin (APP) is an Applied AI Winner,Yahoo Entertainment,2026-05-06T14:04:05Z,"Bristlemoon Capital, a global equities firm, released its “Bristlemoon Global Fund” first-quarter 2026 investor letter. The Bristlemoon Global Fund returned ..."
2026-05-07,finance,stock market,Apparel exporter Meenakshi India enters D2C market with the launch of SHORTSTOP,BusinessLine,2026-05-06T14:01:54Z,"Launches digital platform, shortstop.in, to directly engage with consumers and expand its presence in India’s growing online apparel market"
2026-05-07,finance,stock market,Sovereign cloud reshapes enterprise AI deployment strategies,SiliconANGLE News,2026-05-06T14:00:33Z,"Enterprises are entering a new phase of cloud adoption where flexibility, control and performance are no longer trade-offs but requirements. As AI workloads become more distributed and data-intensive, organizations are rethinking traditional SaaS-first strate…"
2026-05-07,finance,stock market,"Hey, PC builders: Tray CPUs are cheaper for a reason",PCWorld,2026-05-06T14:00:00Z,"Desktop processors are among the few hardware components that are sold both in elaborate individual packaging (boxed) and in a plain cardboard box or plastic tray.




Tray CPUs are mass-produced goods that retailers and computer manufacturers purchase in la…"
2026-05-07,finance,stock market,Great British Icons: A4 Steam Locomotive,Anglotopia.net,2026-05-06T14:00:00Z,"The Fastest Steam Train Ever Built Key Facts Became the fastest steam train ever in 1938 Designed by Nigel Gresley, a pre-eminent railway engineer Beat a German record at a time of high tension Iconic streamlined shape Trains revolutionized human transport fr…"
2026-05-07,finance,stock market,PAR Technology Corporation (PAR) Declined in Q1 Despite Healthy Business Performance,Yahoo Entertainment,2026-05-06T13:59:06Z,"Bristlemoon Capital, a global equities firm, released its “Bristlemoon Global Fund” first-quarter 2026 investor letter. The Bristlemoon Global Fund returned ..."
2026-05-07,finance,stock market,Economic Management in War: Professor Michael Hudson in Discussion with Ian Proud,Nakedcapitalism.com,2026-05-06T13:58:39Z,"An informative and wide-ranging conversation of how economic policies can neglect, support, or impede the prosecution of war"
2026-05-07,finance,stock market,Bristlemoon Global Fund’s Views on Fair Isaac Corporation (FICO),Yahoo Entertainment,2026-05-06T13:56:57Z,"Bristlemoon Capital, a global equities firm, released its “Bristlemoon Global Fund” first-quarter 2026 investor letter. The Bristlemoon Global Fund returned ..."
2026-05-07,finance,stock market,Veeco Instruments Surges 19% on Massive $250M AI Laser Orders Despite Q1 Miss,Ibtimes.com.au,2026-05-06T13:55:26Z,"NEW YORK — Veeco Instruments Inc. (NASDAQ: VECO) shares exploded more than 18% in early trading Wednesday, climbing to $58.80 after the semiconductor equipment maker announced over $250 million in new orders for advanced laser manufacturing systems tied to ar…"
2026-05-07,finance,stock market,"VITL DEADLINE ALERT: Faruqi & Faruqi, LLP Reminds Vital Farms (VITL) Investors of Securities Class Action Deadline on May 26, 2026",PRNewswire,2026-05-06T13:52:00Z,"Faruqi & Faruqi, LLP Securities Litigation Partner James (Josh) Wilson Encourages Investors Who Suffered Losses In Vital Farms To Contact Him Directly To Discuss Their Options If you purchased or acquired securities in Vital Farms between May 8, 2025 and Febr…"
2026-05-07,finance,stock market,Job seeker gets rejected at online interview due to unstable internet. But boss gives him second chance after unexpected error in office meeting. ‘Always be empathetic’,The Times of India,2026-05-06T13:50:59Z,"A job seeker faced rejection due to internet problems during an online interview. The hiring manager later encountered a similar issue with a client, leading to a harsh response. This experience prompted the manager to reconsider his decision. He then offered…"
2026-05-07,finance,stock market,"FSK DEADLINE ALERT: Faruqi & Faruqi, LLP Reminds FS KKR Capital (FSK) Investors of Securities Class Action Deadline on July 3, 2026",PRNewswire,2026-05-06T13:50:00Z,"Faruqi & Faruqi, LLP Securities Litigation Partner James (Josh) Wilson Encourages Investors Who Suffered Losses In FS KKR Capital To Contact Him Directly To Discuss Their Options If you purchased or acquired securities in FS KKR Capital between May 8, 2024 an…"
2026-05-07,finance,KOSPI,"Markets soar, oil prices plummet as hopes rise for U.S.-Iran peace",CBC News,2026-05-06T13:22:44Z,"Oil prices fell under $100 US following pleas for peace in the Middle East by China's foreign minister, before rising a bit again. Markets in Europe and Asia soared at the same time, as did futures for major Wall Street indexes."
2026-05-07,finance,KOSPI,Morning Bid: End in sight?,Yahoo Entertainment,2026-05-06T10:55:38Z,"May 6 (Reuters) - What matters in U. and global markets today , Editor-at-Large, Finance and Markets Oil prices slumped and global stocks surged after..."
2026-05-07,finance,KOSPI,Global stocks surge and oil slides on Iran peace deal report,Yahoo Entertainment,2026-05-06T10:10:20Z,"By Harry Robertson LONDON, May 6 (Reuters) - Stocks leapt and oil prices dropped on Wednesday after a report said the White House believed it was closing in ..."
2026-05-07,finance,KOSPI,Global stocks surge and oil slides on Iran peace deal report,CNA,2026-05-06T10:10:20Z,"LONDON, May 6 : Stocks leapt and oil prices dropped on Wednesday after a report said the White House believed it was closing in on a memorandum to end the war with Iran, while momentum in AI-driven trades accelerated.The report by news outlet Axios said the U…"
2026-05-07,finance,KOSPI,Qualcomm CEO Cristiano Amon thinks your relationship to your devices is about to change,Fortune,2026-05-06T10:03:29Z,Also: All the news and watercooler chat from Fortune.
2026-05-07,finance,KOSPI,"Korea's KOSPI breaks 7,000 as AI rally catapults Samsung into $1 trillion club",CNA,2026-05-06T08:03:02Z,"SEOUL, May 6 : South Korea's benchmark KOSPI index vaulted past 7,000 for the first time on Wednesday, as an AI-powered rally in semiconductor stocks drove Samsung Electronics past the $1 trillion market-cap barrier.The gains underscore how global demand for …"
2026-05-07,finance,KOSPI,"AI boom drives a rally in buying of tech shares, pushing South Korea's Kospi to a record",Abcnews.com,2026-05-06T07:38:24Z,"South Korea’s Kospi has soared nearly 7%, topping 7,000 for the first time, as Samsung Electronics' stock jumped nearly 13% in a rally driven by expectations of strong growth in artificial intelligence"
2026-05-07,finance,KOSPI,"Samsung Electronics crosses $1tn, joining TSMC, as the AI memory cycle pulls Korea into a record",The Next Web,2026-05-06T07:25:04Z,"Samsung’s stock has more than quadrupled in a year. The KOSPI broke 7,000 for the first time. Two Korean chipmakers now account for 42% of the index. The supercycle that built this rally is, by Samsung’s own forecast, not yet at its peak. There is a particula…"
2026-05-07,finance,KOSPI,Markets may be upbeat but that doesn’t mean the Gulf war’s impact is safely behind us,Livemint,2026-05-06T07:00:59Z,Markets are betting on a quicker recovery from the ravages of war than looks feasible. Traders don’t seem to have priced in how long it’ll take for disruptions—ranging from oil and gas to urea and helium—to be resolved. And it’s the real-world effects that go…
2026-05-07,finance,KOSPI,CNBC Daily Open: Kospi bull run rolls on - CNBC,Slashdot.org,2026-05-06T06:52:19Z,"CNBC Daily Open: Kospi bull run rolls onCNBC South Korea's Kospi tops 7,000 to hit a new high as Asia markets rise on Mideast de-escalation signalsCNBC AI boom drives a rally in buying of tech shares, pushing South Korea's Kospi to a recordYahoo Finance Asian…"
2026-05-07,finance,KOSPI,Asia markets hit records on AI euphoria,The Irish Times,2026-05-06T06:24:05Z,"Oil prices sink, yen surges again"
2026-05-07,finance,KOSPI,European stocks set to rise as oil prices fall after Trump signals Iran war de-escalation,CNBC,2026-05-06T06:17:49Z,"London's FTSE 100 looks set to open 1% higher, according to IG data. France's Cac 40 and Germany's Dax are on course to rise 0.8%."
2026-05-07,finance,KOSPI,Samsung hits $1 trillion valuation milestone | The National,Thenationalnews.com,2026-05-06T06:12:35Z,South Korean company’s shares rise by 13% amid booming demand for its memory chips
2026-05-07,finance,KOSPI,U.S. Works to Ease Memory Chip Shortage Through Supply Chain Coalition,Naturalnews.com,2026-05-06T06:00:00Z,"The Trump administration is working to address the global memory chip shortage through a supply chain coalition called Pax Silica, according to a U.S. official. Undersecretary of State for Economic Affairs Jacob Helberg said that addressing the memory shortag…"
2026-05-07,finance,KOSPI,"Oil sinks and stocks rally on peace hopes, Samsung tops $1 trillion",Hurriyet Daily News,2026-05-06T05:32:51Z,"Oil prices extended losses and stocks rallied Wednesday on fresh hopes for an end to the Iran war and the reopening of the Strait of Hormuz, while Samsung blasted past the $1 trillion valuation mark as the AI tech boom continued apace."
2026-05-07,finance,Korea economy,The U.S. leads in 14 of 18 industries shaping the future economy — but the lead isn’t guaranteed,Fortune,2026-05-06T12:30:00Z,"The McKinsey Global Institute identified the 18 ""arenas"" driving tomorrow's growth. Here's where America stands — and what companies must do to stay ahead."
2026-05-07,finance,Korea economy,BorgWarner Reports Strong First Quarter 2026 Results,PRNewswire,2026-05-06T10:30:00Z,"Returned $185 million to Shareholders During First Quarter 2026 Announces 12 Awards Across Portfolio to Support Long-Term Profitable Growth AUBURN HILLS, Mich., May 6, 2026 /PRNewswire/ -- BorgWarner Inc. (NYSE: BWA) today reported first quarter results for 2…"
2026-05-07,finance,Korea economy,Trump Doesn’t Care If He Wrecks the Global Economy,The New Republic,2026-05-06T10:00:00Z,"On Monday, President Trump gathered more than 100 small-business leaders in the East Wing of the White House to take a victory lap. His return to the White House had resulted in “record business,” he said. The tax and regulatory cuts in the One Big Beautiful …"
2026-05-07,finance,Korea economy,"How to build cities for wildlife, not just people – new research",The Conversation Africa,2026-05-06T07:39:42Z,Urban waterways sit at the heart of the global nature crisis.
2026-05-07,finance,Korea economy,The depopulation bomb about to hit Britain,Prospect Magazine,2026-05-06T07:33:41Z,Deaths are surging ahead of births—thanks to a baby bust with frightening implications for the welfare state and wider society
2026-05-07,finance,Korea economy,"Samsung Electronics crosses $1tn, joining TSMC, as the AI memory cycle pulls Korea into a record",The Next Web,2026-05-06T07:25:04Z,"Samsung’s stock has more than quadrupled in a year. The KOSPI broke 7,000 for the first time. Two Korean chipmakers now account for 42% of the index. The supercycle that built this rally is, by Samsung’s own forecast, not yet at its peak. There is a particula…"
2026-05-07,finance,Korea economy,The government’s plans to bolster Australia’s fuel stores are sensible – but 5 years too late,The Conversation Africa,2026-05-06T07:10:28Z,Greater public fuel reserves will be held in Australia and more fuel kept in private stocks. The government’s new fuel plans are sensible – just late.
2026-05-07,finance,Korea economy,Markets may be upbeat but that doesn’t mean the Gulf war’s impact is safely behind us,Livemint,2026-05-06T07:00:59Z,Markets are betting on a quicker recovery from the ravages of war than looks feasible. Traders don’t seem to have priced in how long it’ll take for disruptions—ranging from oil and gas to urea and helium—to be resolved. And it’s the real-world effects that go…
2026-05-07,finance,Korea economy,Gas-Insulated Switchgear Market worth $38.36 billion by 2031 | MarketsandMarkets™,PRNewswire,2026-05-06T07:00:00Z,"DELRAY BEACH, Fla., May 6, 2026 /PRNewswire/ -- According to MarketsandMarkets™, the global Gas-Insulated Switchgear Market size is projected to grow from USD 28.00 billion in 2026 to USD 38.36 billion by 2031 at a compound annual growth rate (CAGR) of 6.5% d…"
2026-05-07,finance,Korea economy,"The Iran war’s oil shock causes a plastic shortage in Asia, squeezing industries and prompting a ‘Middle East plus one’ rethink of supply chains",Fortune,2026-05-06T07:00:00Z,"South Korea is probing firms suspected of hoarding syringes, which, alongside products like needles and gloves, are produced from petrochemicals."
2026-05-07,finance,Korea economy,Nifty hit by $39 billion FII selloff but why is BlackRock's Ben Powell betting big on India,The Times of India,2026-05-06T04:38:59Z,"Despite a $39 billion FII selloff, BlackRock's Ben Powell remains overweight on India, citing normalized valuations and strong medium-term economic prospects driven by demographics and reforms. He attributes the foreign exodus to AI fever and the energy crisi…"
2026-05-07,finance,Korea economy,"Middle East tensions, oil prices complicate Fed rate cut outlook for 2026",Crypto Briefing,2026-05-06T02:08:10Z,"Rising oil prices and geopolitical tensions may force the Fed to prioritize inflation control over rate cuts, impacting economic growth.
The post Middle East tensions, oil prices complicate Fed rate cut outlook for 2026 appeared first on Crypto Briefing."
2026-05-07,finance,Korea economy,"Global Market Today: Asian stocks rise, oil falls as US cites Iran progress",The Times of India,2026-05-06T00:59:22Z,"Global stocks surged to record highs as President Trump indicated progress in Iran negotiations, easing geopolitical tensions. This development boosted tech shares, particularly in South Korea, while Brent crude oil prices declined. The positive sentiment als…"
2026-05-07,finance,Korea economy,"Raghuram Rajan and Rohit Lamba write: How can India produce AI, instead of becoming its tenant?",The Indian Express,2026-05-06T00:49:05Z,"The deeper danger is that India’s public conversation is too quick to convert constraint into strategy. Because we cannot yet win at the frontier, we tell ourselves the frontier does not matter"
2026-05-07,finance,inflation,Ag Secretary Celebrates Kicking 4.3 Million Off SNAP Because They're All Rich And Thriving Now,Wonkette.com,2026-05-06T14:09:34Z,Brooke Rollins says millions cut from help are 'climbing the ladder of financial freedom.'
2026-05-07,finance,inflation,India's growth to moderate to 6.6 pc in FY27; reforms key to achieve Viksit Bharat goal: S&P report,The Times of India,2026-05-06T14:06:27Z,India's economic growth is expected to slow to 6.6 percent this fiscal year. Achieving the Viksit Bharat goal by 2047 requires crucial reforms in energy and food security. External shocks from energy supply disruptions and rising oil prices are creating press…
2026-05-07,finance,inflation,"Seven host's desperate DMs leak after red carpet tantrum... Plus, Palaszczuk 're-evaluates' relationship after Reza's rape charge - and David Sharaz's gossipy past catches up with him: INSIDE MAIL",Dailymail.com,2026-05-06T14:01:46Z,"An influencer-turned-Channel Seven star fired off filthy DMs to the wrong reporter - here's what she said. Plus, Palaszczuk makes a tough call after boyfriend's rape charge."
2026-05-07,finance,inflation,Conditional cash transfer and mortality among interpersonal violence victims: A cohort study,Plos.org,2026-05-06T14:00:00Z,"In a cohort study, Camila Bonfim and colleagues investigate the association between a conditional cash transfer program, Brazil’s Bolsa Família and mortality rate reduction among victims of interpersonal violence in Brazil."
2026-05-07,finance,inflation,Sensorimotor integration and functional mobility in early-stage Parkinson’s disease: A cross-sectional study using clinically feasible assessments,Plos.org,2026-05-06T14:00:00Z,"Early-stage Parkinson’s disease (PD) often features subtle sensorimotor integration deficits that may precede noticeable motor decline. This study examined how proprioceptive acuity, balance performance, and functional mobility relate to dual-task gait cost (…"
2026-05-07,finance,inflation,Predictors of Post-Traumatic Stress Symptoms after musculoskeletal trauma,Plos.org,2026-05-06T14:00:00Z,"Background Post-traumatic stress symptoms (PTSS) are common following musculoskeletal trauma and are associated with poorer recovery, disability, and reduced quality of life. Although psychosocial and injury-related factors have been linked to PTSS, limited r…"
2026-05-07,finance,inflation,Endothelial activation and stress index in risk stratification and treatment optimization for critically ill patients with acute kidney injury: A retrospective cohort study from MIMIC-Ⅳ database,Plos.org,2026-05-06T14:00:00Z,Background Endothelial dysfunction is critical in the pathogenesis of acute kidney injury (AKI). It sought to investigate the role of endothelial activation and stress index (EASIX) in risk stratification and treatment optimization for critically ill patients…
2026-05-07,finance,inflation,Capstone Partners Reports: Industrials Industry Undergoes Structural Shifts While Driving M&A in a Complex Landscape,PRNewswire,2026-05-06T14:00:00Z,"BOSTON, May 6, 2026 /PRNewswire/ -- Capstone Partners, a leading middle market investment banking firm, released its Annual Industrials M&A Report, which shares insights into Public market valuations, the macroeconomic climate, merger and acquisition (M&A) ac…"
2026-05-07,finance,inflation,Dynamic platelet profiles in the emergency department and their predictive value for 28-day all-cause mortality in septic patients,Plos.org,2026-05-06T14:00:00Z,"Background Sepsis is a significant cause of global mortality and most frequently first presents in the emergency department. Dynamic platelet changes play a key pathophysiological role in sepsis, yet their comprehensive prognostic value—particularly from a mu…"
2026-05-07,finance,inflation,"Markwayne Mullin, Tom Homan Promise More Deportations, Less Street Drama",Breitbart News,2026-05-06T13:52:26Z,"President Donald Trump's cabinet members are promising to deport many more migrants in the next year, mostly via a low-profile policy that counters the anti-ICE coverage by the establishment's media.
The post Markwayne Mullin, Tom Homan Promise More Deportati…"
2026-05-07,finance,inflation,Philip Morris International Holds 2026 Virtual Annual Meeting of Shareholders,Financial Post,2026-05-06T13:48:15Z,"STAMFORD, CT — Regulatory News: Philip Morris International Inc. (PMI) (NYSE: PM) held its 2026 Annual Meeting of Shareholders today. André Calantzopoulos, Chairman of the Board, addressed shareholders and answered questions. Jacek Olczak, Group CEO PMI, gave…"
2026-05-07,finance,inflation,Communities call for transparency in AI data center deals,Techtarget.com,2026-05-06T13:46:00Z,"Your company might not be building an AI data center, but your AI workloads likely run in them. Here's what you need to know about the land-use war around data center development."
2026-05-07,finance,inflation,Cement demand expected to recover amid infrastructure push before monsoon,BusinessLine,2026-05-06T13:44:31Z,"Cement demand is set to recover amid infrastructure growth, despite inflation and rising input costs affecting the industry."
2026-05-07,finance,inflation,"CIGL DEADLINE ALERT: Faruqi & Faruqi, LLP Reminds Concorde International (CIGL) Investors of Securities Class Action Deadline on May 20, 2026",PRNewswire,2026-05-06T13:42:00Z,"Faruqi & Faruqi, LLP Securities Litigation Partner James (Josh) Wilson Encourages Investors Who Suffered Losses In Concorde To Contact Him Directly To Discuss Their Options If you purchased or acquired securities in Concorde between April 21, 2025 and July 14…"
2026-05-07,finance,inflation,S&P Global lowers India’s growth forecast to 6.6% for FY27,BusinessLine,2026-05-06T13:36:04Z,"India is facing external economic shock from energy supply disruptions, rising oil and gas prices and currency volatility, says report"
2026-05-07,finance,interest rate,"Car payments squeeze Americans as auto debt hits $1.68 trillion, report finds",CNBC,2026-05-06T14:09:50Z,"Auto debt has swelled to $1.68 trillion, a new analysis finds. Americans face costlier vehicles, higher interest rates and lengthier loan terms."
2026-05-07,finance,interest rate,"Seven host's desperate DMs leak after red carpet tantrum... Plus, Palaszczuk 're-evaluates' relationship after Reza's rape charge - and David Sharaz's gossipy past catches up with him: INSIDE MAIL",Dailymail.com,2026-05-06T14:01:46Z,"An influencer-turned-Channel Seven star fired off filthy DMs to the wrong reporter - here's what she said. Plus, Palaszczuk makes a tough call after boyfriend's rape charge."
2026-05-07,finance,interest rate,Calcitriol attenuates diethylnitrosamine-induced hepatic fibrosis in rats by reducing oxidative stress and fibrogenic mediators,Plos.org,2026-05-06T14:00:00Z,"Vitamin D deficiency is associated with poor outcomes and increased mortality in cirrhosis. Calcitriol, the active form of vitamin D3, has antioxidant and hepatoprotective properties; however, its effects on diethylnitrosamine (DEN)-induced liver fibrosis rem…"
2026-05-07,finance,interest rate,Conditional cash transfer and mortality among interpersonal violence victims: A cohort study,Plos.org,2026-05-06T14:00:00Z,"In a cohort study, Camila Bonfim and colleagues investigate the association between a conditional cash transfer program, Brazil’s Bolsa Família and mortality rate reduction among victims of interpersonal violence in Brazil."
2026-05-07,finance,interest rate,Capstone Partners Reports: Industrials Industry Undergoes Structural Shifts While Driving M&A in a Complex Landscape,PRNewswire,2026-05-06T14:00:00Z,"BOSTON, May 6, 2026 /PRNewswire/ -- Capstone Partners, a leading middle market investment banking firm, released its Annual Industrials M&A Report, which shares insights into Public market valuations, the macroeconomic climate, merger and acquisition (M&A) ac…"
2026-05-07,finance,interest rate,Climatic niche properties shape treefrog diversity,Plos.org,2026-05-06T14:00:00Z,"A suite of ecological hypotheses has been proposed to explain why more species are found in the tropics. Most of these hypotheses consider the geography of climate as a major determinant of richness, while ignoring the relationships between organisms and clim…"
2026-05-07,finance,interest rate,Dutasteride treatment and its effect on standardized uptake values in prostate-specific membrane antigen-PET imaging: A pilot study,Plos.org,2026-05-06T14:00:00Z,"Background Prostate-specific membrane antigen (PSMA)-based imaging has become an increasingly important diagnostic tool in prostate cancer, though limited by low surface expression of PSMA in some patients. Previous studies have demonstrated that dutasteride …"
2026-05-07,finance,interest rate,Stability of corneal endothelial monolayers in the presence of magnetic particles in a rotating magnetic field,Plos.org,2026-05-06T14:00:00Z,"Magnetic particles have significant potential as novel theranostics due to the relative ease of surface modification for targeting molecules or regions of diseased tissues, coupled with remote in vivo manipulation using an exogenous magnetic field. Employing …"
2026-05-07,finance,interest rate,A citizen scientist’s survey provides insights into the movements of Atlantic and Gulf states’ populations of Black Skimmers (Rynchops niger),Plos.org,2026-05-06T14:00:00Z,"Ornithologists are increasingly using field readable bands—plastic rings with alphanumeric codes that are visible from a distance—to study bird populations. Because of this advance, a member of the public can now readily engage in research. On one level, such…"
2026-05-07,finance,interest rate,Four moral models of global health security,Plos.org,2026-05-06T14:00:00Z,"Global health security is concerned with the response to infectious disease outbreaks across international borders. However, its precise nature and scope are contested because of lack of agreement about its focus and beneficiaries. Informed by qualitative int…"
2026-05-07,finance,interest rate,Economic Management in War: Professor Michael Hudson in Discussion with Ian Proud,Nakedcapitalism.com,2026-05-06T13:58:39Z,"An informative and wide-ranging conversation of how economic policies can neglect, support, or impede the prosecution of war"
2026-05-07,finance,interest rate,Compass Inc. Stock Surges 25% on Strong Q1 Earnings and Anywhere Acquisition Synergies,Ibtimes.com.au,2026-05-06T13:47:52Z,"NEW YORK — Compass Inc. (NYSE: COMP) shares exploded more than 25% in early trading Wednesday, reaching $9.10 after the real estate technology company reported a strong first-quarter 2026 performance, turned profitable, and highlighted significant cost synerg…"
2026-05-07,finance,interest rate,Communities call for transparency in AI data center deals,Techtarget.com,2026-05-06T13:46:00Z,"Your company might not be building an AI data center, but your AI workloads likely run in them. Here's what you need to know about the land-use war around data center development."
2026-05-07,finance,interest rate,Dow Jones Surges 512 Points to New Record High as Markets Rebound Strongly,Ibtimes.com.au,2026-05-06T13:34:09Z,"NEW YORK — The Dow Jones Industrial Average soared more than 500 points on Wednesday, closing at a record 49,810.58 as investors embraced easing Middle East tensions, strong corporate earnings and renewed optimism about the economic outlook, delivering one of…"
2026-05-07,finance,interest rate,Industry Leaders Demonstrate Integrated Post-Quantum Security Solutions at OFC 2026,PRNewswire,2026-05-06T13:25:00Z,"Issued on behalf of Quantum Secure Encryption Corp. VANCOUVER, BC, May 6, 2026 /PRNewswire/ -- Equity-Insider.com News Commentary — The post-quantum cryptography market hit $850 million in 2024 and is on track to top $10 billion by 2032, growing at a 38% comp…"
2026-05-07,tech,artificial intelligence,"Man created a virtual girlfriend named Maya and opened an OnlyFans for her. In the first month, he made 43,000 dollars",Upsocl.com,2026-05-06T14:11:29Z,"While some people can’t even get a message back, this man invented a virtual girlfriend named Maya, created with artificial intelligence, opened an OnlyFans account for her, and in her first month made US$43,000. Yes, a woman who doesn’t exist ended up earnin…"
2026-05-07,tech,artificial intelligence,How a Scientific Cartel Protects Fraudsters and Rakes in Billions of Taxpayer Dollars,Reason,2026-05-06T14:10:56Z,"Fraud, bad incentives, and weak oversight plague science. The Alzheimer’s scandal shows how deep the problem runs."
2026-05-07,tech,artificial intelligence,Microsoft may shelve 2030 clean energy target as AI lifts power use: Bloomberg News,The Times of India,2026-05-06T14:09:34Z,Microsoft may miss its 2030 renewable energy target. The company faces challenges with its ambitious climate goals. Building new data centers for artificial intelligence requires massive power. This is reshaping Microsoft's commitments. Discussions are ongoin…
2026-05-07,tech,artificial intelligence,"Qlarant Donates $5,000 to Partners in Giving to Support Youth Summer Program",GlobeNewswire,2026-05-06T14:09:00Z,Provides funding to support vital education during summer months Provides funding to support vital education during summer months
2026-05-07,tech,artificial intelligence,AMD Stock Explodes 15%+: AI Chip Demand Fuels Blockbuster Q1 Earnings and Bullish Outlook,Ibtimes.com.au,2026-05-06T14:08:32Z,"NEW YORK — Advanced Micro Devices Inc. shares skyrocketed more than 15% in early trading Wednesday, May 6, 2026, after the semiconductor giant delivered stronger-than-expected first-quarter results and raised expectations for continued explosive growth driven…"
2026-05-07,tech,artificial intelligence,Germany set to secure win for industry in AI talks,POLITICO.eu,2026-05-06T14:05:33Z,Exemption for industry would mark a dramatic departure from law’s initial setup.
2026-05-07,tech,artificial intelligence,Google Denies Android 17 Liquid Glass Design Rumors,Ubergizmo,2026-05-06T14:03:54Z,"Google has officially denied rumors that it plans to adopt Apple’s “Liquid Glass” design language for the upcoming Android 17. Sameer Samat, the head of Google’s mobile operating system, addressed the speculation following a 15-second teaser that ignited onli…"
2026-05-07,tech,artificial intelligence,"Fresh job cuts at Freshworks; PB Fintech, Meesho earnings",The Times of India,2026-05-06T14:03:14Z,Freshworks announced job cuts as it ramps up AI focus. This and more in today’s ETtech Top 5.
2026-05-07,tech,artificial intelligence,India's Rs 11.2 trillion distribution capex to anchor smart metering shift towards outcomes: Central Electricity Authority,The Times of India,2026-05-06T14:02:21Z,"India's power distribution sector is undergoing a massive Rs 11.2 trillion transformation by 2035. Smart metering is shifting focus to measurable outcomes, enhancing reliability and enabling intelligence-driven operations. Digital infrastructure, automation, …"
2026-05-07,tech,artificial intelligence,"Money Skills Launches Fully Automated AI Trading Robot, Revolutionizing the 2026 Cryptocurrency Market",GlobeNewswire,2026-05-06T14:02:00Z,"As global interest in AI-driven investments reaches unprecedented heights in 2026, MoneySkills officially announces the launch of its next-generation, fully automated cryptocurrency trading platform. MoneySkills aims to eliminate the steep learning curve ofte…"
2026-05-07,tech,artificial intelligence,Apple Agrees to $250 Million Settlement Over AI Claims—Here's Who Can Get Paid,Decrypt,2026-05-06T14:01:18Z,Tech giant Apple has agreed to pay $250 million to settle claims it misled consumers about its AI system's capabilities.
2026-05-07,tech,artificial intelligence,Invesco Says Big Tech Needs ‘Every Dollar’ It Can Get in AI Debt,Financial Post,2026-05-06T14:00:11Z,"Alphabet Inc.’s debt issuance in Europe and Canada underscores Big Tech’s relentless drive to find funds anywhere to pay for the industry’s stampede into artificial intelligence, according to Matt Brill at Invesco."
2026-05-07,tech,artificial intelligence,Teacher support for generative AI use and design learning outcomes in fashion design education: A structural equation modeling study,Plos.org,2026-05-06T14:00:00Z,The rapid integration of generative artificial intelligence (AI) in creative education necessitates empirical investigation of support mechanisms facilitating effective technology adoption and learning outcomes. This study examines the structural relationship…
2026-05-07,tech,artificial intelligence,"DC/DOX To Host World Premieres Of Rory Kennedy’s Boeing Expose Follow Up, Marilyn Ness Documentary And More",Deadline,2026-05-06T14:00:00Z,"EXCLUSIVE: DC/DOX announced the full lineup for its upcoming 4th edition today, highlighted by the world premieres of Rory Kennedy’s documentary Freefall: A Reckoning for Boeing and Marilyn Ness’s The Endless Frontier. The prestigious nonfiction film festival…"
2026-05-07,tech,artificial intelligence,scHG: A supercell framework with high-order graph learning enables scalable multi-omics analysis,Plos.org,2026-05-06T14:00:00Z,"Author summary Modern single-cell technologies can measure multiple molecular layers from the same cell, such as RNA, surface proteins, and chromatin accessibility. These rich “multi-omics” profiles promise a more complete view of cellular identity, but they …"
2026-05-07,tech,semiconductor,AMD Stock Explodes 15%+: AI Chip Demand Fuels Blockbuster Q1 Earnings and Bullish Outlook,Ibtimes.com.au,2026-05-06T14:08:32Z,"NEW YORK — Advanced Micro Devices Inc. shares skyrocketed more than 15% in early trading Wednesday, May 6, 2026, after the semiconductor giant delivered stronger-than-expected first-quarter results and raised expectations for continued explosive growth driven…"
2026-05-07,tech,semiconductor,"The Colorado River Is Overdrawn, and a Corporate Reckoning Is Imminent",Yale.edu,2026-05-06T14:07:45Z,"The Colorado River Is Overdrawn, and a Corporate Reckoning Is ImminentBen.Mattison
Wed, 05/06/2026 - 10:07

 Faculty Viewpoints
 <li>
 Todd Cort


 Senior Lecturer in Sustainability; Faculty Director of Sustainability Program, MBA for Executives; Faculty Co-D…"
2026-05-07,tech,semiconductor,"Fresh job cuts at Freshworks; PB Fintech, Meesho earnings",The Times of India,2026-05-06T14:03:14Z,Freshworks announced job cuts as it ramps up AI focus. This and more in today’s ETtech Top 5.
2026-05-07,tech,semiconductor,Chip Fab-in-a-Box Could Democratize Semiconductors,Ieee.org,2026-05-06T14:00:01Z,"When Mitchell Hsing was a grad student at MIT, he and his classmates were doing cutting edge things using what was essentially chip industry cast-off equipment. Just imagine what could get done if everyone had their own small fabs to spin up prototypes or man…"
2026-05-07,tech,semiconductor,MetaOptics – Update on Proposed Nasdaq Dual Listing,BusinessLine,2026-05-06T13:57:02Z,MetaOptics – Update on Proposed Nasdaq Dual Listing
2026-05-07,tech,semiconductor,Veeco Instruments Surges 19% on Massive $250M AI Laser Orders Despite Q1 Miss,Ibtimes.com.au,2026-05-06T13:55:26Z,"NEW YORK — Veeco Instruments Inc. (NASDAQ: VECO) shares exploded more than 18% in early trading Wednesday, climbing to $58.80 after the semiconductor equipment maker announced over $250 million in new orders for advanced laser manufacturing systems tied to ar…"
2026-05-07,tech,semiconductor,AI boom pushes Samsung to $1T | TechCrunch,TechCrunch,2026-05-06T13:54:58Z,"Samsung crossed the $1 trillion valuation mark after shares surged on AI-driven chip demand, making it only the second Asian company after TSMC to hit the milestone."
2026-05-07,tech,semiconductor,"Flex Ltd. Stock Explodes 32% on Record Earnings, Guidance Raise and Cloud Spin-Off Plan",Ibtimes.com.au,2026-05-06T13:39:36Z,"NEW YORK — Flex Ltd. (NASDAQ: FLEX) shares skyrocketed more than 32% in early trading Wednesday, surging to $127.45 after the global manufacturing and technology solutions provider reported record fourth-quarter and fiscal 2026 results, significantly raised i…"
2026-05-07,tech,semiconductor,Corgi Launches 28 Actively Managed Thematic ETFs on Cboe BZX,PRNewswire,2026-05-06T13:30:00Z,"Corgi lists AV, XA, WATS, BAY, GLAM, BREW, BLCK, EYES, GNMX, JOUL, STYL, YUNG, GASZ, NYNY, DOCK, CQTM, CBOT, HULL, ODDZ, WNDR, WR, LATR, DIPR, CMAG, KYC, EUV, BZZ, and PTNT — offering single-ticker access to 28 differentiated investment themes at a net expens…"
2026-05-07,tech,semiconductor,Industry Leaders Demonstrate Integrated Post-Quantum Security Solutions at OFC 2026,PRNewswire,2026-05-06T13:25:00Z,"Issued on behalf of Quantum Secure Encryption Corp. VANCOUVER, BC, May 6, 2026 /PRNewswire/ -- Equity-Insider.com News Commentary — The post-quantum cryptography market hit $850 million in 2024 and is on track to top $10 billion by 2032, growing at a 38% comp…"
2026-05-07,tech,semiconductor,NVIDIA vs AMD vs Intel: Which Semiconductor Stock to Buy in 2026 AI Boom?,Ibtimes.com.au,2026-05-06T13:22:42Z,"NEW YORK — As the artificial intelligence revolution accelerates through 2026, investors are closely weighing NVIDIA Corp., Advanced Micro Devices Inc. and Intel Corp. in the semiconductor sector, with NVIDIA maintaining its dominant position in AI GPUs while…"
2026-05-07,tech,semiconductor,Fabric.AI (Nasdaq: FABC) and Kopin Corporation (Nasdaq: KOPN) Appoint Bill Maffucci to Lead Development of Neural I/o™ MicroLED Optical Interconnect Chip Program,GlobeNewswire,2026-05-06T13:15:00Z,Signed NDAs with Two Major Chipmakers as Industry Interest in MicroLED-Based Optical Interconnects Accelerates Signed NDAs with Two Major Chipmakers as Industry Interest in MicroLED-Based Optical Interconnects Accelerates
2026-05-07,tech,semiconductor,"SpaceX files for a $55bn Texas semiconductor fab, with combined chipmaking investment reaching $119bn",The Next Web,2026-05-06T13:10:43Z,"The Terafab project sits alongside the existing Bastrop packaging operation. Combined, the two facilities could anchor a $119bn Texas chipmaking footprint. SpaceX has not yet disclosed the process technology Terafab will run, or the construction timeline. Spa…"
2026-05-07,tech,semiconductor,Advent Diamond and Northrop Grumman Set New Record for Diamond-based Solid-State Limiters,PRNewswire,2026-05-06T13:02:00Z,"TEMPE, Ariz., May 6, 2026 /PRNewswire/ -- Advent Diamond Inc. and Northrop Grumman have set a new performance record for solid state limiters made from engineered diamond. The device successfully handled more than 100 Watts of power while providing reliable p…"
2026-05-07,tech,semiconductor,Chinese chamber of commerce puts a $432bn price tag on the EU’s cybersecurity overhaul,The Next Web,2026-05-06T12:52:48Z,A KPMG-conducted study commissioned by the CCCEU estimates that phasing Chinese suppliers out of 18 critical EU sectors between 2026 and 2030 would cost €367.8bn. Reuters’ headline rounds that down. The actual figure is materially higher. China’s chamber of c…
2026-05-07,tech,startup Korea,The war with Iran is ‘over’ but the jet fuel crisis is about to begin,Fortune,2026-05-06T09:46:30Z,Everything you need to know before you reach the office this morning.
2026-05-07,tech,startup Korea,"Korea International Trade Association and Korea Development Bank to Host Asia's Largest Startup Fair, ""NextRise 2026, Seoul""",PRNewswire,2026-05-06T04:40:00Z,"SEOUL, South Korea, May 5, 2026 /PRNewswire/ -- The Korea International Trade Association (KITA) and the Korea Development Bank (KDB) will co-host NextRise 2026, Seoul, Asia's largest startup fair, at COEX in Seoul on June 18–19, 2026. Now in its eighth editi…"
2026-05-07,consumer,retail sales,GameStop Stock Climbs as Meme Favorite Eyes $56B eBay Takeover in Bold Ryan Cohen Move,Ibtimes.com.au,2026-05-06T14:10:54Z,"NEW YORK — GameStop Corp. shares rose more than 1% in early trading Wednesday, May 6, 2026, holding near $24.48 as investors digested the video game retailer's audacious unsolicited bid to acquire eBay for approximately $56 billion, a move that has reignited …"
2026-05-07,consumer,retail sales,Mom Called: She Wants Gardners Candies for Mother's Day,GlobeNewswire,2026-05-06T14:00:00Z,"Gardners Candies' lineup of premium Mother's Day chocolates is available at a growing number of retailers nationwide, as well as online. ..."
2026-05-07,consumer,retail sales,How to improve peer-to-peer collaboration among associates in retail,Samsung.com,2026-05-06T14:00:00Z,"Rugged smartphones equipped with Push-to-Talk open up a new world of peer-to-peer communication that maximizes teams' efficiency.
The post How to improve peer-to-peer collaboration among associates in retail appeared first on Samsung Business Insights."
2026-05-07,consumer,retail sales,PAR Technology Corporation (PAR) Declined in Q1 Despite Healthy Business Performance,Yahoo Entertainment,2026-05-06T13:59:06Z,"Bristlemoon Capital, a global equities firm, released its “Bristlemoon Global Fund” first-quarter 2026 investor letter. The Bristlemoon Global Fund returned ..."
2026-05-07,consumer,retail sales,"Tech Launches Today (May 6, 2026): CMF Watch 3 Pro, Dreame summer sale, Cashify Select, and more",The Indian Express,2026-05-06T13:18:04Z,"From CMF Watch 3 Pro to Dreame Technology’s summer sale offers, here’s what’s new in gadgets, consumer tech and AI-led applications."
2026-05-07,consumer,retail sales,ThredUp Doubles Down on Resale-as-a-Service® (RaaS®); Appoints Strategic Advisory Board to Scale Universal Recommerce Layer,GlobeNewswire,2026-05-06T13:15:00Z,"OAKLAND, Calif., May 06, 2026 (GLOBE NEWSWIRE) -- ThredUp (NASDAQ: TDUP, LTSE: TDUP), one of the largest online resale platforms for apparel, shoes, and accessories, today announced the next iteration of growth for its Universal Recommerce Layer. On the first…"
2026-05-07,consumer,retail sales,Capsa Healthcare Names Jeff Schlossnagle Chief Executive Officer,PRNewswire,2026-05-06T13:12:00Z,"Veteran Medication Management Executive to Lead Capsa's Next Phase of Growth CANAL WINCHESTER, Ohio, May 6, 2026 /PRNewswire/ -- Capsa Healthcare, a global healthcare technology leader, today announced the appointment of Jeff Schlossnagle as Chief Executive O…"
2026-05-07,consumer,retail sales,Opportunities in the $92+ Billion Global Haircare Market 2026-2030 | APAC and Emerging Markets Lead Haircare Growth; Urbanisation and Rising Incomes Propel Demand,GlobeNewswire,2026-05-06T13:12:00Z,"Dublin, May  06, 2026  (GLOBE NEWSWIRE) -- The ""Opportunities in the Global Haircare Sector 2026"" has been added to  ResearchAndMarkets.com's offering.    ..."
2026-05-07,consumer,retail sales,"Opportunities in the Global Make-Up Sector 2026, Featuring Strategic Analysis of L'Oreal, The Estee Lauder Companies, LVMH, Coty, Natura and More",GlobeNewswire,2026-05-06T13:10:00Z,"The make-up market is set to capitalize on the growing consumer demand for self-expression and skincare-infused, multifunctional products The make-up market is set to capitalize on the growing consumer demand for self-expression and skincare-infused, multifun…"
2026-05-07,consumer,retail sales,Reynolds Consumer Products Q1 Earnings Call Highlights,MarketBeat,2026-05-06T13:07:53Z,"Reynolds Consumer Products (NASDAQ:REYN) reported first-quarter 2026 results that management said reflected continued momentum from 2025, with growth across ..."
2026-05-07,consumer,retail sales,"Ace Hardware Launches 'Hometown Days' with Summer Savings, Weekend Events and Exclusive Deals",PRNewswire,2026-05-06T13:04:00Z,"Holiday weekend promotions offer shoppers limited-time savings on grilling, lawn care and outdoor essentials OAK BROOK, Ill., May 6, 2026 /PRNewswire/ -- Ace Hardware celebrates the summer season with Hometown Days, a series of holiday weekend events featurin…"
2026-05-07,consumer,retail sales,"Old Navy Signs Up Michael Francis, Target’s Former Marketing Maestro",WWD,2026-05-06T13:00:00Z,Michael Francis takes on a new position at Gap Inc. with broad marketing and customer engagement responsibilities.
2026-05-07,consumer,retail sales,Culver City may let people walk around the streets with booze in hand,New York Post,2026-05-06T13:00:00Z,"Just a month after Santa Monica revealed plans to revitalize the 3rd Street Promenade with the help of outdoor alcohol consumption, another city is following in its footsteps."
2026-05-07,consumer,retail sales,Top 10 Bulk Email Marketing Service Providers in Brazil (2026),Idealsmtp.com,2026-05-06T12:51:50Z,"Detailed overview of bulk email service providers in Brazil covering email delivery systems, campaign performance, scalability, and data compliance standards."
2026-05-07,consumer,e-commerce,GameStop Stock Climbs as Meme Favorite Eyes $56B eBay Takeover in Bold Ryan Cohen Move,Ibtimes.com.au,2026-05-06T14:10:54Z,"NEW YORK — GameStop Corp. shares rose more than 1% in early trading Wednesday, May 6, 2026, holding near $24.48 as investors digested the video game retailer's audacious unsolicited bid to acquire eBay for approximately $56 billion, a move that has reignited …"
2026-05-07,consumer,e-commerce,Meesho to infuse up to Rs 100 crore in lending arm MPPL,The Times of India,2026-05-06T14:02:17Z,"E-commerce firm Meesho's board has approved a significant investment of up to Rs 100 crore in its payments subsidiary, Meesho Payments Private Limited. This capital infusion is planned through share subscriptions, including a rights issue. The funds will bols…"
2026-05-07,consumer,e-commerce,#215 – Matt Schwartz on Exploring AI’s Impact in WordPress Agencies (Part 1),Wptavern.com,2026-05-06T14:00:00Z,"Nathan Wrigley and Matt Schwartz discuss the evolving impact of AI on WordPress agencies, focusing on how AI can streamline agency processes beyond just building websites. They explore the importance of revisiting workflows, creating AI vision documents, leve…"
2026-05-07,consumer,e-commerce,Nisan Schitrit Appointed CEO of YouAppi to Lead Next Phase of AI-Led Growth and Global Expansion,PRNewswire,2026-05-06T14:00:00Z,"Former COO to lead YouAppi's global expansion and innovation to accelerate its verticalized, AI-led growth strategy across mobile and Connected TV PALO ALTO, Calif., May 6, 2026 /PRNewswire/ -- YouAppi, a leading mobile growth and Connected TV advertising pla…"
2026-05-07,consumer,e-commerce,"Sue Duckett Joins Republic Business Credit as Executive Vice President, Head of Factoring",PRNewswire,2026-05-06T14:00:00Z,"Senior professional's influence is expected to accelerate Republic's factoring growth CHICAGO, May 6, 2026 /PRNewswire/ -- Republic Business Credit announced that industry veteran Sue Duckett has joined the company as Executive Vice President, Head of Factori…"
2026-05-07,consumer,e-commerce,Dietary Supplements Industry Analysis Report 2026: Innovation and Personalized Nutrition Drive Growth,GlobeNewswire,2026-05-06T13:17:00Z,"Dublin, May 06, 2026 (GLOBE NEWSWIRE) -- The ""Dietary Supplements Industry Analysis, Size, Share, Growth, Trends, and Forecast 2026-2033 - (by Product Type, Product Form, Product Function, Sales Channel, Geographic Coverage and by Company)"" has been added to …"
2026-05-07,consumer,e-commerce,"Shell Foundation, Global Alliance for Mass Entrepreneurship, and Amazon Saheli collaborate to empower women micro-entrepreneurs in India",GlobeNewswire,2026-05-06T13:16:00Z,"Bengaluru, May 06, 2026 (GLOBE NEWSWIRE) -- Shell Foundation, Global Alliance for Mass Entrepreneurship (GAME), and Amazon Saheli today announced a new program to empower low-income, home-based women entrepreneurs across India. The initiative aims to help wom…"
2026-05-07,consumer,e-commerce,ThredUp Doubles Down on Resale-as-a-Service® (RaaS®); Appoints Strategic Advisory Board to Scale Universal Recommerce Layer,GlobeNewswire,2026-05-06T13:15:00Z,"OAKLAND, Calif., May 06, 2026 (GLOBE NEWSWIRE) -- ThredUp (NASDAQ: TDUP, LTSE: TDUP), one of the largest online resale platforms for apparel, shoes, and accessories, today announced the next iteration of growth for its Universal Recommerce Layer. On the first…"
2026-05-07,consumer,e-commerce,"Opportunities in the $15.5+ Billion Global Suncare Market 2026 with Data on 108 Countries, Covering Trends, Competitive Landscape and Distribution",GlobeNewswire,2026-05-06T13:14:00Z,"Dublin, May  06, 2026  (GLOBE NEWSWIRE) -- The ""Opportunities in the Global Suncare Sector 2026"" has been added to  ResearchAndMarkets.com's offering.    ..."
2026-05-07,consumer,e-commerce,pruna-mcp-server added to PyPI,Pypi.org,2026-05-06T13:11:47Z,"MCP server for Pruna AI — Image generation, editing, upscaling, and video generation"
2026-05-07,consumer,e-commerce,Reynolds Consumer Products Q1 Earnings Call Highlights,MarketBeat,2026-05-06T13:07:53Z,"Reynolds Consumer Products (NASDAQ:REYN) reported first-quarter 2026 results that management said reflected continued momentum from 2025, with growth across ..."
2026-05-07,consumer,e-commerce,"Old Navy Signs Up Michael Francis, Target’s Former Marketing Maestro",WWD,2026-05-06T13:00:00Z,Michael Francis takes on a new position at Gap Inc. with broad marketing and customer engagement responsibilities.
2026-05-07,consumer,e-commerce,Southeast Spotlight: BuenGro,Chicago Reader,2026-05-06T13:00:00Z,"BuenGro3016 E. 92nd St, Tues–Thu 11 AM–6 PM, Fri 1 PM–6 PM, Sat 1 PM–4 PM(773) 824-5131, buengro.com, Instagram @BuenGro_LLC Looking for those May flowers that Spring always promises? BuenGro is buzzin’ with all of your plant and floral needs to make your spa…"
2026-05-07,consumer,e-commerce,StackAdapt Announces AI-Powered Marketing Capabilities Through Ads in ChatGPT Pilot,ExchangeWire,2026-05-06T12:53:16Z,"StackAdapt, the leading AI advertising and orchestration platform, today (6th May, 2026) shared that it is offering advertisers access to ads in ChatGPT. This capability helps advertisers deliver messages that are useful and timely as customers are exploring …"
2026-05-07,consumer,e-commerce,Top 10 Bulk Email Marketing Service Providers in Brazil (2026),Idealsmtp.com,2026-05-06T12:51:50Z,"Detailed overview of bulk email service providers in Brazil covering email delivery systems, campaign performance, scalability, and data compliance standards."
2026-05-07,consumer,consumer sentiment,Dow Jones Surges 512 Points to New Record High as Markets Rebound Strongly,Ibtimes.com.au,2026-05-06T13:34:09Z,"NEW YORK — The Dow Jones Industrial Average soared more than 500 points on Wednesday, closing at a record 49,810.58 as investors embraced easing Middle East tensions, strong corporate earnings and renewed optimism about the economic outlook, delivering one of…"
2026-05-07,consumer,consumer sentiment,Uber stock jumps 9% after $53.7 billion bookings beat: is UBER entering its strongest growth phase again? Here’s why UBER shares are surging big today and why Wall Street is suddenly rethinking Uber’s,The Times of India,2026-05-06T12:11:08Z,Uber stock jumps nearly 9% after Q1 earnings beat: why UBER shares are surging as bookings hit record highs and Wall Street rethinks the growth story. UBER stock surged roughly 9% in premarket trading after the company reported first-quarter 2026 results that…
2026-05-07,consumer,consumer sentiment,"TrendLife Study Shows AI Is Moving Fast, but Consumers and Families are Being Left Behind",PRNewswire,2026-05-06T12:02:00Z,"New study of over 10,000 consumers across 9 countries reveals worry exceeds excitement about generative AI as most lack the tools and confidence to use it safely TOKYO, May 6, 2026 /PRNewswire/ -- TrendLife, the consumer business unit of Trend Micro Incorpora…"
2026-05-07,consumer,consumer sentiment,The Microsoft/OpenAI breakup: What does it actually mean for Copilot and other AI apps on your Windows 11 PC?,Windows Central,2026-05-06T11:12:25Z,"Microsoft's partnership with OpenAI just became non-exclusive, meaning rival companies like Google can access OpenAI's models, making Copilot AI in Windows 11 less exclusive, consequently costing it its bargaining chip and competitive edge."
2026-05-07,consumer,consumer sentiment,"AI-based Research Services Market to Surpass USD 35,420.4 Million by 2035 as Synthetic Data and Predictive Intelligence Transform Enterprise Decision-Making",PRNewswire,2026-05-06T10:24:00Z,"NEWARK, Del., May 6, 2026 /PRNewswire/ -- According to the latest analysis by Future Market Insights, the global AI-based research services market is undergoing a rapid transformation, driven by the integration of artificial intelligence into consumer insight…"
2026-05-07,consumer,consumer sentiment,"Taboola Reports Strong First Quarter 2026 Results Exceeding High-End of Guidance, Raises Full-Year Outlook Reflecting Accelerating Growth",GlobeNewswire,2026-05-06T10:15:00Z,"NEW YORK, May 06, 2026 (GLOBE NEWSWIRE) -- Taboola (Nasdaq: TBLA), a global leader in delivering performance at scale for advertisers, today announced its results for the first quarter ended March 31, 2026."
2026-05-07,consumer,consumer sentiment,Piero Cipollone: The new energy shock: economic scenarios and policy implications,Europa.eu,2026-05-06T08:20:00Z,The European Central Bank (ECB) is the central bank of the European Union countries which have adopted the euro. Our main task is to maintain price stability in the euro area and so preserve the purchasing power of the single currency.
2026-05-07,consumer,consumer sentiment,Pandora beats first quarter expectations despite weak US,RTE,2026-05-06T07:28:03Z,Jewellery brand Pandora has beaten first-quarter revenue expectations despite a 2% drop in comparable sales in North America.
2026-05-07,consumer,consumer sentiment,"A Michigan farm town voted down plans for a giant OpenAI-Oracle data center. Weeks later, construction began",Yahoo Entertainment,2026-05-06T07:00:00Z,The AI boom is coming for rural America. Inside one town's effort to fight back
2026-05-07,consumer,consumer sentiment,"A Michigan farm town voted down plans for a giant OpenAI-Oracle data center. Weeks later, construction began",Fortune,2026-05-06T07:00:00Z,The AI boom is coming for rural America. Inside one town's effort to fight back
2026-05-07,consumer,consumer sentiment,"Weakness in N. America, Europe Dent Pandora Q1 Revenues",WWD,2026-05-06T06:08:00Z,"Danish jeweler Pandora reported organic revenues rose 2 percent in Q1 despite ""lower consumer sentiment in North America"" and weakness in Europe."
2026-05-07,consumer,consumer sentiment,Top 5 ASX 200 Gainers May 6 2026: Mining and Tech Stocks Lead Strong Market Rebound,Ibtimes.com.au,2026-05-06T06:03:06Z,"SYDNEY — The S&P/ASX 200 pushed higher on Wednesday, May 6, 2026, with mining, technology and services stocks driving gains as easing Middle East tensions and strong U.S. corporate earnings boosted investor sentiment across the local market."
2026-05-07,consumer,consumer sentiment,PMI services rose to 5-month high of 58.8 in April,BusinessLine,2026-05-06T05:34:21Z,Strong domestic demand lifts PMI; new orders strengthen even as overseas demand weakens amid West Asia tensions
2026-05-07,consumer,consumer sentiment,2% ORGANIC GROWTH IN Q1 2026 - GUIDANCE UNCHANGED,GlobeNewswire,2026-05-06T05:30:00Z,"Q1 2026 highlights  Q1 2026 organic growth of 2%, comprising of LFL growth at 0% and network expansion & other at 2%. Profitability remained solid..."
2026-05-07,consumer,consumer sentiment,"ASX 200 Surges 1% to 8,767 as US Record Highs and Easing Iran Tensions Lift Sentiment",Ibtimes.com.au,2026-05-06T05:20:38Z,"SYDNEY — The S&P/ASX 200 Index climbed more than 1% on Wednesday, May 6, 2026, reaching 8,767.7 points in afternoon trading as investors welcomed strong U.S. corporate earnings, signs of stabilization in the Middle East and renewed optimism ahead of key domes…"
2026-05-07,energy,oil price,India's growth to moderate to 6.6 pc in FY27; reforms key to achieve Viksit Bharat goal: S&P report,The Times of India,2026-05-06T14:06:27Z,India's economic growth is expected to slow to 6.6 percent this fiscal year. Achieving the Viksit Bharat goal by 2047 requires crucial reforms in energy and food security. External shocks from energy supply disruptions and rising oil prices are creating press…
2026-05-07,energy,oil price,Trump's Bluff to Iran Didn't Work,Reason,2026-05-06T14:04:10Z,"After trying to open the Strait of Hormuz by force, the U.S. is ready to accept an Iranian proposal it had rejected."
2026-05-07,energy,oil price,Royal Farms Introduces $10 Tender Meal Deal with New Lineup of Limited-Time Offers,GlobeNewswire,2026-05-06T14:04:00Z,Royal Farms Launches $10 World-Famous Tender Meal Deal Royal Farms Launches $10 World-Famous Tender Meal Deal
2026-05-07,energy,oil price,Officials Say Shoring Up California’s Oil Supply Will Come ‘At a Price’,KQED,2026-05-06T14:00:18Z,"While the state is not headed for an immediate oil shortfall, additional price increases are likely if the U.S.-Israeli war with Iran continues."
2026-05-07,energy,oil price,Chip Fab-in-a-Box Could Democratize Semiconductors,Ieee.org,2026-05-06T14:00:01Z,"When Mitchell Hsing was a grad student at MIT, he and his classmates were doing cutting edge things using what was essentially chip industry cast-off equipment. Just imagine what could get done if everyone had their own small fabs to spin up prototypes or man…"
2026-05-07,energy,oil price,Economic Management in War: Professor Michael Hudson in Discussion with Ian Proud,Nakedcapitalism.com,2026-05-06T13:58:39Z,"An informative and wide-ranging conversation of how economic policies can neglect, support, or impede the prosecution of war"
2026-05-07,energy,oil price,"NUAI DEADLINE ALERT: Faruqi & Faruqi, LLP Reminds New Era Energy & Digital (NUAI) Investors of Securities Class Action Deadline on June 1, 2026",PRNewswire,2026-05-06T13:45:00Z,"Faruqi & Faruqi, LLP Securities Litigation Partner James (Josh) Wilson Encourages Investors Who Suffered Losses In New Era To Contact Him Directly To Discuss Their Options If you purchased or acquired securities in New Era between November 6, 2024 and Decembe…"
2026-05-07,energy,oil price,Iran War Boosts Russia’s April Oil Tax Revenue to Six-Month High,Financial Post,2026-05-06T13:44:53Z,"Russia’s oil tax revenues jumped to a six-month high last month as the Kremlin started reaping the benefits of a crude rally driven by the war in Iran. With oil still trading near $100 a barrel, the windfall is set to continue."
2026-05-07,energy,oil price,"Disney Park Attendance & Hotel Occupancy Down, But Higher Guest Spending Drives Revenue Record",Disneytouristblog.com,2026-05-06T13:37:22Z,"During its first-ever earnings call under new CEO Josh D’Amaro, the Walt Disney Company reported its second quarter fiscal 2026 results. This covers the good & bad for Walt Disney World & Disneyland, including commentary about the impact of rising gas prices …"
2026-05-07,energy,oil price,S&P Global lowers India’s growth forecast to 6.6% for FY27,BusinessLine,2026-05-06T13:36:04Z,"India is facing external economic shock from energy supply disruptions, rising oil and gas prices and currency volatility, says report"
2026-05-07,energy,oil price,Will my flight be cancelled? Which destinations are affected? What are my rights? All your questions answered as jet fuel crisis threatens summer holidays,Dailymail.com,2026-05-06T13:27:18Z,"With the announcement of airlines axing two million seats in May due to jet fuel shortages caused by the Iran war, holidaymakers need to be on the ball and ready to act if affected by flight cancellations."
2026-05-07,energy,oil price,"Markets soar, oil prices plummet as hopes rise for U.S.-Iran peace",CBC News,2026-05-06T13:22:44Z,"Oil prices fell under $100 US following pleas for peace in the Middle East by China's foreign minister, before rising a bit again. Markets in Europe and Asia soared at the same time, as did futures for major Wall Street indexes."
2026-05-07,energy,oil price,Time to Fight the Fed? Stocks Rally Faces Dashed Rate-Cut Hopes,Financial Post,2026-05-06T13:19:13Z,Is good news about the economy bad news for the stock market once again?
2026-05-07,energy,oil price,"Planes and ships could run on kelp someday, but there are serious hurdles",Abcnews.com,2026-05-06T13:18:28Z,"Kelp, a kind of seaweed, can be used in biofuels that one day could power ships and aircraft"
2026-05-07,energy,renewable energy,Microsoft may shelve 2030 clean energy target as AI lifts power use: Bloomberg News,The Times of India,2026-05-06T14:09:34Z,Microsoft may miss its 2030 renewable energy target. The company faces challenges with its ambitious climate goals. Building new data centers for artificial intelligence requires massive power. This is reshaping Microsoft's commitments. Discussions are ongoin…
2026-05-07,energy,renewable energy,India's Rs 11.2 trillion distribution capex to anchor smart metering shift towards outcomes: Central Electricity Authority,The Times of India,2026-05-06T14:02:21Z,"India's power distribution sector is undergoing a massive Rs 11.2 trillion transformation by 2035. Smart metering is shifting focus to measurable outcomes, enhancing reliability and enabling intelligence-driven operations. Digital infrastructure, automation, …"
2026-05-07,energy,renewable energy,Scaling cloud and AI: Microsoft Azure’s commitment to Europe’s digital future,Microsoft.com,2026-05-06T14:00:00Z,"As demand for cloud and AI grows, Microsoft is expanding Azure across Europe to deliver scalable, resilient infrastructure that supports innovation, compliance, and performance.
The post Scaling cloud and AI: Microsoft Azure’s commitment to Europe’s digital f…"
2026-05-07,energy,renewable energy,"India, Vietnam set $25 billion bilateral trade target by 2030",BusinessLine,2026-05-06T13:54:34Z,"Modi, Vietnamese President To Lam welcome cooperation in digital payments, new initiatives in rare earths; 13 MOUs signed"
2026-05-07,energy,renewable energy,"Selected Articles: China Openly Defies US Sanctions, Strengthens Ties with Canada",Globalresearch.ca,2026-05-06T13:48:14Z,"China Openly Defies US Sanctions, Strengthens Ties with Canada
By Drago Bosnic, May 06, 2026
On May 4, several media outlets reported that China ordered its companies to ignore and even openly defy American sanctions, particularly when it comes …
The post Sel…"
2026-05-07,energy,renewable energy,Industry Leaders to Tackle Sustainability Challenge at Data Centre LIVE,GlobeNewswire,2026-05-06T13:46:00Z,"Data Centre LIVE brings industry leaders together on 21 May to explore practical strategies for sustainable, future-ready data centre operations...."
2026-05-07,energy,renewable energy,Communities call for transparency in AI data center deals,Techtarget.com,2026-05-06T13:46:00Z,"Your company might not be building an AI data center, but your AI workloads likely run in them. Here's what you need to know about the land-use war around data center development."
2026-05-07,energy,renewable energy,"Nel ASA: Launches next-generation pressurized alkaline platform, redefining simplicity and cost efficiency in renewable hydrogen production",PRNewswire,2026-05-06T13:43:00Z,"OSLO, Norway, May 6, 2026 /PRNewswire/ -- Renewable hydrogen projects have been complex and costly, often requiring extensive custom engineering, long execution timelines and significant upfront investment. These challenges have slowed project development and…"
2026-05-07,energy,renewable energy,"Nel ASA: Launches next-generation pressurized alkaline platform, redefining simplicity and cost efficiency in renewable hydrogen production",PRNewswire,2026-05-06T13:39:00Z,"OSLO, Norway, May 6, 2026 /PRNewswire/ -- Renewable hydrogen projects have been complex and costly, often requiring extensive custom engineering, long execution timelines and significant upfront investment. These challenges have slowed project development and…"
2026-05-07,energy,renewable energy,Air Insulated Switchgear Market to Reach $85.9 Billion at 5.0% CAGR through 2029 | MarketsandMarkets™,GlobeNewswire,2026-05-06T13:30:00Z,"Delray Beach, FL, May 06, 2026 (GLOBE NEWSWIRE) -- The global Air Insulated Switchgear Market size is projected to reach USD 85.9 billion by 2029 from USD 67.3 billion in 2024, at a CAGR of 5.0% during the forecasted period, as per the recent study by Markets…"
2026-05-07,energy,renewable energy,"Brazil Construction Market Analysis to 2030: Sector Set to Grow by 2.5% in 2026 Amid Rising FDI, After Witnessing Record Low Inflation in 2025",GlobeNewswire,2026-05-06T13:28:00Z,"Dublin, May 06, 2026 (GLOBE NEWSWIRE) -- The ""Brazil Construction Market Size, Trends, and Forecasts by Sector - Commercial, Industrial, Infrastructure, Energy and Utilities, Institutional and Residential Market Analysis to 2030 (Q1 2026)"" has been added to R…"
2026-05-07,energy,renewable energy,"Planes and ships could run on kelp someday, but there are serious hurdles",Abcnews.com,2026-05-06T13:18:28Z,"Kelp, a kind of seaweed, can be used in biofuels that one day could power ships and aircraft"
2026-05-07,energy,renewable energy,"Planes and ships could run on kelp someday, but there are serious hurdles",Abcnews.com,2026-05-06T13:18:26Z,"Kelp, a kind of seaweed, can be used in biofuels that one day could power ships and aircraft"
2026-05-07,energy,renewable energy,Ending nuclear ban is 'viable option' to cut energy costs,RTE,2026-05-06T13:16:37Z,"Ireland needs to make a ""once in a generation move"" to reverse the ban on nuclear energy, according to the proposer of the change."
2026-05-07,energy,renewable energy,"Microsoft may shelve 2030 clean energy target as AI lifts power use, Bloomberg News reports",CNA,2026-05-06T13:13:10Z,"May 6 : Microsoft is considering delaying or abandoning its 2030 goal of matching its entire hourly electricity use with renewable energy purchases, Bloomberg News reported on Wednesday, citing people familiar with the matter.The expensive and energy-intensiv…"
2026-05-07,energy,energy crisis,India's growth to moderate to 6.6 pc in FY27; reforms key to achieve Viksit Bharat goal: S&P report,The Times of India,2026-05-06T14:06:27Z,India's economic growth is expected to slow to 6.6 percent this fiscal year. Achieving the Viksit Bharat goal by 2047 requires crucial reforms in energy and food security. External shocks from energy supply disruptions and rising oil prices are creating press…
2026-05-07,energy,energy crisis,"The last days of Legion Park, before the city swept it",Chicago Reader,2026-05-06T14:00:00Z,"This story is the second installment in a Reader accountability series, Just Neighbors, examining the city’s homeless encampment sweeps and focusing on the human impact of a fragmented, interdepartmental process. At their request, all unhoused and undocumente…"
2026-05-07,energy,energy crisis,Economic Management in War: Professor Michael Hudson in Discussion with Ian Proud,Nakedcapitalism.com,2026-05-06T13:58:39Z,"An informative and wide-ranging conversation of how economic policies can neglect, support, or impede the prosecution of war"
2026-05-07,energy,energy crisis,"Selected Articles: China Openly Defies US Sanctions, Strengthens Ties with Canada",Globalresearch.ca,2026-05-06T13:48:14Z,"China Openly Defies US Sanctions, Strengthens Ties with Canada
By Drago Bosnic, May 06, 2026
On May 4, several media outlets reported that China ordered its companies to ignore and even openly defy American sanctions, particularly when it comes …
The post Sel…"
2026-05-07,energy,energy crisis,Araghchi in Beijing: How China could shape the direction of the US-Iran war,Al Jazeera English,2026-05-06T13:47:54Z,Analysts say shared US and Chinese interests in reopening the Strait of Hormuz could create a path towards peace.
2026-05-07,energy,energy crisis,Communities call for transparency in AI data center deals,Techtarget.com,2026-05-06T13:46:00Z,"Your company might not be building an AI data center, but your AI workloads likely run in them. Here's what you need to know about the land-use war around data center development."
2026-05-07,energy,energy crisis,Iran War Boosts Russia’s April Oil Tax Revenue to Six-Month High,Financial Post,2026-05-06T13:44:53Z,"Russia’s oil tax revenues jumped to a six-month high last month as the Kremlin started reaping the benefits of a crude rally driven by the war in Iran. With oil still trading near $100 a barrel, the windfall is set to continue."
2026-05-07,energy,energy crisis,Egypt and Saudi Arabia Are Pitting Sudan Against Ethiopia,Globalresearch.ca,2026-05-06T13:44:29Z,"Sudan’s allegation that Ethiopia and the UAE attacked its main airport on Monday from Bahir Dar’s, the capital of Ethiopia’s neighboring Amhara region, prompted a furious diplomatic reaction from Ethiopia. 
Ethiopia reminded Sudan of its continued support for…"
2026-05-07,energy,energy crisis,Melham delivers State of the Township address,Theobserver.com,2026-05-06T13:37:47Z,"We could try to break down Mayor Michael A. Melham’s State of the Township address. And we will in the coming days. But to begin, here’s Melham’s address as delivered Tuesday, May…"
2026-05-07,energy,energy crisis,S&P Global lowers India’s growth forecast to 6.6% for FY27,BusinessLine,2026-05-06T13:36:04Z,"India is facing external economic shock from energy supply disruptions, rising oil and gas prices and currency volatility, says report"
2026-05-07,energy,energy crisis,The Second Global Sumud Flotilla: Israeli Piracy and Abduction on the High Seas,Globalresearch.ca,2026-05-06T13:29:51Z,"They have become adept flouters of international law. When doing so, they justify such violations with streaky, anaemic interpretations of self-defence and security. The Global Sumud Flotilla’s encore effort to break the Gaza blockade, which has been in place…"
2026-05-07,energy,energy crisis,Lufthansa prepares refueling stopovers for jet fuel emergency,POLITICO.eu,2026-05-06T13:28:42Z,The jet fuel crisis is expected to cost the German airline group €1.7 billion for the entire year.
2026-05-07,energy,energy crisis,Indonesia Considers Potential Imports of Russian LNG,Sputnikglobe.com,2026-05-06T13:25:15Z,"After reaching an agreement on the supply of 150 million barrels of Russian oil, Indonesia is also considering the potential import of liquefied natural gas (LNG) from Russia, the country’s Minister of Energy and Mineral Resources Bahlil Lahadalia said."
2026-05-07,energy,energy crisis,"The Historic April 7, 2026 China-Russia Veto of the UNSC Draft Resolution on Maritime Security in the Middle East. “Blocks Stampede to World War III?”",Globalresearch.ca,2026-05-06T13:21:11Z,"Author’s Introductory note
This was an extraordinarily important UN Security Council meeting, and, amazingly MSNBC superstar celebrity Rachel Maddow devoted an entire broadcast to it the following week. I have quoted extensively from the Chinese and Russian s…"
2026-05-07,geopolitics,North Korea,"Escape Room Market Expected to Reach USD 31.0 Billion by 2032, at a CAGR of 14.8%: Allied Market Research",PRNewswire,2026-05-06T14:01:00Z,"The growth trajectory is fueled by four converging forces: rising demand for authentic experiential entertainment, the mainstream adoption of escape rooms for corporate team building, technological integration through augmented and virtual reality, and the gl…"
2026-05-07,geopolitics,North Korea,Dental Implants Market Strengthens as Digital Dentistry and Aesthetic Demand Drive Adoption | CAGR 7.2% - Persistence Market Research,PRNewswire,2026-05-06T14:01:00Z,"LONDON, May 6, 2026 /PRNewswire/ -- The global dental implants market is growing steadily, expected to be valued at around US$ 7.7 billion in 2025 and projected to reach US$ 12.6 billion by 2032, with a CAGR of 7.2% during 2026 to 2033. This expansion comes f…"
2026-05-07,geopolitics,North Korea,"DC/DOX To Host World Premieres Of Rory Kennedy’s Boeing Expose Follow Up, Marilyn Ness Documentary And More",Deadline,2026-05-06T14:00:00Z,"EXCLUSIVE: DC/DOX announced the full lineup for its upcoming 4th edition today, highlighted by the world premieres of Rory Kennedy’s documentary Freefall: A Reckoning for Boeing and Marilyn Ness’s The Endless Frontier. The prestigious nonfiction film festival…"
2026-05-07,geopolitics,North Korea,Samsung’s stable One UI 8.5 update officially lands on older Galaxy phones,Android Central,2026-05-06T13:57:46Z,"Samsung is finally rolling out One UI 8.5 to older Galaxy phones, but after months of delays, most users are probably just relieved the update is actually here."
2026-05-07,geopolitics,North Korea,Iran demands FIFA assurances to participate in 2026 World Cup,USA Today,2026-05-06T13:51:09Z,Iran FA chief Mehdi Taj has demanded assurances from FIFA that his country's military won't be insulted in the United States during the World Cup.
2026-05-07,geopolitics,North Korea,Why stablecoins and SWIFT may have to coexist,Cointelegraph,2026-05-06T13:47:13Z,"Remittance firms are using stablecoins to reduce settlement delays and trapped capital, though SWIFT still anchors much of global cross-border finance."
2026-05-07,geopolitics,North Korea,MUSIC ICONS: Julien's Presents a Landmark Rock and Roll Memorabilia Auction,PRNewswire,2026-05-06T13:30:00Z,"OVER 650 RARE MUSIC ARTIFACTS TO BE OFFERED LIVE FROM NEW YORK CITY MAY 29–30 Ace Frehley of KISS - Most-Famous Guitar - 1975 Les Paul-Ace #1 (Estimate $400,000 - $600,000) Stevie Ray Vaughan 1969 Guild F-412 from 1990 MTV Unplugged Performance (Estimate $300…"
2026-05-07,geopolitics,North Korea,MUSIC ICONS: Julien's Presents a Landmark Rock and Roll Memorabilia Auction,PRNewswire,2026-05-06T13:30:00Z,"OVER 650 RARE MUSIC ARTIFACTS TO BE OFFERED LIVE FROM NEW YORK CITY MAY 29–30 Ace Frehley of KISS - Most-Famous Guitar - 1975 Les Paul-Ace #1 (Estimate $400,000 - $600,000) Stevie Ray Vaughan 1969 Guild F-412 from 1990 MTV Unplugged Performance (Estimate $300…"
2026-05-07,geopolitics,North Korea,Samsung SDS wins deal to build South Korea’s blockchain securities system: Report,Cointelegraph,2026-05-06T13:20:50Z,"The Korea Securities Depository platform is expected to go live by February 2027, aligning with South Korea’s incoming security token framework."
2026-05-07,geopolitics,North Korea,"$4 Bn Bioburden Testing Markets, 2022-2024 & 2025-2032 - FDA/EMA Requirements, Rising Biosimilars Production and Advances in Rapid Microbial Detection Technologies Drive Adoption",GlobeNewswire,2026-05-06T13:13:00Z,"The bioburden testing market presents opportunities driven by stringent regulations and the need for contamination control in pharma, biotech, and medical devices. Growth is expected in consumables and rapid testing instruments. North America leads due to reg…"
2026-05-07,geopolitics,North Korea,Samsung just dropped the list of devices getting One UI 8.5 today: Is your Galaxy on it?,Android Authority,2026-05-06T13:06:34Z,Stable One UI 8.5 is headed to dozens of Galaxy devices.
2026-05-07,geopolitics,North Korea,"As hantavirus claims three lives on stricken cruise ship, experts reveals the slow death caused by rat virus: From vomiting to trouble breathing",Dailymail.com,2026-05-06T12:31:30Z,"The outbreak of the rare, rat-borne illness has left three people dead and several others seriously ill after the outbreak on the MV Hondius, which set sail from Argentina to Cape Verde in March."
2026-05-07,geopolitics,North Korea,Willog Secures Series B-2 Investment to Accelerate Global Supply Chain Intelligence via IoT x AI Integration,PRNewswire,2026-05-06T12:05:00Z,"Five consecutive years of 0% customer churn: Leading the transition from ""experience-based"" to ""data-driven"" logistics Enhancing AI-based risk prediction and automated response algorithms to accelerate global market expansion SEOUL, South Korea, May 6, 2026 /…"
2026-05-07,geopolitics,North Korea,One UI 8.5 release: Samsung confirms wider rollout date,SamMobile,2026-05-06T12:00:26Z,"Samsung has finally revealed the rollout dates for the One UI 8.5 update. The update will first be released in South Korea on May 6, followed by a wider rollout starting May 11 in Europe, Hong Kong, India, Latin America, North America, Southeast Asia, and Tai…"
2026-05-07,geopolitics,North Korea,Official One UI 8.5 rollout has started,SamMobile,2026-05-06T12:00:03Z,"Samsung has been beta-testing One UI 8.5 for over four months, and the Galaxy S26 series was the first to run the stable version of the software. Many users were wondering when Samsung would begin rolling out the stable update to older devices. That day has f…"
2026-05-07,geopolitics,US China trade,Footwear and Apparel Groups Urge USTR Not to Pursue New Tariffs at Section 301 Hearing,WWD,2026-05-06T14:01:17Z,"The Trump administration has intimated that foreign economies are flooding the market with their products and, consequently, depressing demand for American-made goods."
2026-05-07,geopolitics,US China trade,Economic Management in War: Professor Michael Hudson in Discussion with Ian Proud,Nakedcapitalism.com,2026-05-06T13:58:39Z,"An informative and wide-ranging conversation of how economic policies can neglect, support, or impede the prosecution of war"
2026-05-07,geopolitics,US China trade,Conscripted Minds: Comprador Intellectualism and the Reproduction of Imperialist Hegemony,Globalresearch.ca,2026-05-06T13:55:21Z,"The camera is hidden. The subject does not know he is being watched.
Not London. Not a borrowed grandeur on someone else’s soil. This is India — his country, his city, his continent. The hotel has no star rating because …
The post Conscripted Minds: Comprador…"
2026-05-07,geopolitics,US China trade,"Selected Articles: China Openly Defies US Sanctions, Strengthens Ties with Canada",Globalresearch.ca,2026-05-06T13:48:14Z,"China Openly Defies US Sanctions, Strengthens Ties with Canada
By Drago Bosnic, May 06, 2026
On May 4, several media outlets reported that China ordered its companies to ignore and even openly defy American sanctions, particularly when it comes …
The post Sel…"
2026-05-07,geopolitics,US China trade,Araghchi in Beijing: How China could shape the direction of the US-Iran war,Al Jazeera English,2026-05-06T13:47:54Z,Analysts say shared US and Chinese interests in reopening the Strait of Hormuz could create a path towards peace.
2026-05-07,geopolitics,US China trade,German automaker BMW optimistic despite Trump's latest tariff threat,The Local Germany,2026-05-06T13:03:29Z,German premium carmaker BMW said Wednesday it expected trade tensions between the EU and United States to subside despite US President Donald Trump's threat to hike tariffs on European cars.
2026-05-07,geopolitics,US China trade,Everyone’s Talking About Uber. Smart Money Is Watching Grab’s Profitability Inflection Instead,24/7 Wall St.,2026-05-06T12:46:31Z,"Every retail investor with a brokerage app is staring at Uber (NYSE:UBER) right now, drawn in by robotaxi headlines and a $152.16B market cap that has turned..."
2026-05-07,geopolitics,US China trade,How India uses remote island to show strength against China,DW (English),2026-05-06T12:38:00Z,"At the edge of the Indian Ocean, the far-flung Great Nicobar Island is being turned into a strategic hub that New Delhi hopes will shape trade routes and boost its military reach."
2026-05-07,geopolitics,US China trade,India's Nicobar gamble for power and position against China,DW (English),2026-05-06T12:38:00Z,"At the edge of the Indian Ocean, a remote island is being turned into a strategic hub that New Delhi hopes will shape trade routes and boost its military reach."
2026-05-07,geopolitics,US China trade,"‘The farther away, the better’ is the problematic logic behind U.S. third-country deportations",The Conversation Africa,2026-05-06T12:31:34Z,"The U.S. strategy of deporting asylum seekers to Global South countries is abhorrent. Migration scholars, human rights organizations and allies must co-ordinate, organize and actively resist."
2026-05-07,geopolitics,US China trade,Novo Sees Generic Ozempic Delayed in China Until Next Year,Financial Post,2026-05-06T12:28:07Z,"Novo Nordisk A/S expects generic Ozempic to be delayed in China until next year, a positive step for the drugmaker as it battles to keep its share of the global obesity market."
2026-05-07,geopolitics,US China trade,Canfor reports results for the first quarter of 2026,Financial Post,2026-05-06T12:04:12Z,"VANCOUVER, British Columbia, May 06, 2026 (GLOBE NEWSWIRE) — Canfor Corporation (the “Company” or “Canfor”) (TSX: CFP) today reported its first quarter of 2026 results: Overview. For the first quarter of 2026, the Company reported an operating loss of $73 mil…"
2026-05-07,geopolitics,US China trade,Iran Is Using Alternative Routes To Bypass US Naval Blockade,Globalsecurity.org,2026-05-06T12:00:00Z,"The United States and Israel's bombing campaign has left much of Iran's infrastructure and industries in tatters, disrupting domestic production and hiking prices for basic food items."
2026-05-07,geopolitics,US China trade,Lai's sneaky Eswatini visit slammed as a scandalous stunt,Globalsecurity.org,2026-05-06T12:00:00Z,"Following his ""stowaway-like"" travel to Eswatini, Taiwan regional leader Lai Ching-te once again sneaked aboard a flight and forced his way through relevant countries' skies to return to Taiwan island on Tuesday. His clandestine trip has continued to draw cri…"
2026-05-07,geopolitics,US China trade,Canfor reports results for the first quarter of 2026,GlobeNewswire,2026-05-06T12:00:00Z,"VANCOUVER, British Columbia, May 06, 2026 (GLOBE NEWSWIRE) -- Canfor Corporation (the “Company” or “Canfor”) (TSX: CFP) today reported its first quarter of 2026 results:"
2026-05-07,geopolitics,geopolitical risk,Hercules Metals Increases Previously Announced Bought Deal Financing and Concurrent Private Placement to C$31.5 Million,Financial Post,2026-05-06T14:10:49Z,"Not for distribution to U.S. news wire services or dissemination in the United States. TORONTO, May 06, 2026 (GLOBE NEWSWIRE) — Hercules Metals Corp. (TSXV: BIG) (OTCQB: BADEF) (FRA: C0X) (“Hercules Metals” or the “Company”) is pleased to announce that due to…"
2026-05-07,geopolitics,geopolitical risk,Hercules Metals Increases Previously Announced Bought Deal Financing and Concurrent Private Placement to C$31.5 Million,GlobeNewswire,2026-05-06T14:06:00Z,"Not for distribution to U.S. news wire services or dissemination in the United States.  TORONTO, May  06, 2026  (GLOBE NEWSWIRE) -- Hercules Metals Corp...."
2026-05-07,geopolitics,geopolitical risk,Canada Is Quietly Putting War Into Your Portfolio. “The Financialization of War”,Globalresearch.ca,2026-05-06T13:50:05Z,"Canada is set to host the headquarters of the proposed Defence, Security and Resilience Bank (DSRB), a new multinational institution designed to mobilize tens of billions in financing for military and security projects among allied nations. 
In short, what we…"
2026-05-07,geopolitics,geopolitical risk,Philip Morris International Holds 2026 Virtual Annual Meeting of Shareholders,Financial Post,2026-05-06T13:48:15Z,"STAMFORD, CT — Regulatory News: Philip Morris International Inc. (PMI) (NYSE: PM) held its 2026 Annual Meeting of Shareholders today. André Calantzopoulos, Chairman of the Board, addressed shareholders and answered questions. Jacek Olczak, Group CEO PMI, gave…"
2026-05-07,geopolitics,geopolitical risk,"Individual investors sold Rs 13,000 crore worth stocks, but Zerodha clients kept buying: Nithin Kamath",The Times of India,2026-05-06T13:41:08Z,"Retail investors sold equities, but Zerodha clients bought heavily, highlighting divergence. Overall, direct retail ownership declined while mutual fund holdings hit record highs, reflecting a structural shift toward professionally managed investments and ris…"
2026-05-07,geopolitics,geopolitical risk,Dow Jones Surges 512 Points to New Record High as Markets Rebound Strongly,Ibtimes.com.au,2026-05-06T13:34:09Z,"NEW YORK — The Dow Jones Industrial Average soared more than 500 points on Wednesday, closing at a record 49,810.58 as investors embraced easing Middle East tensions, strong corporate earnings and renewed optimism about the economic outlook, delivering one of…"
2026-05-07,geopolitics,geopolitical risk,NVIDIA vs AMD vs Intel: Which Semiconductor Stock to Buy in 2026 AI Boom?,Ibtimes.com.au,2026-05-06T13:22:42Z,"NEW YORK — As the artificial intelligence revolution accelerates through 2026, investors are closely weighing NVIDIA Corp., Advanced Micro Devices Inc. and Intel Corp. in the semiconductor sector, with NVIDIA maintaining its dominant position in AI GPUs while…"
2026-05-07,geopolitics,geopolitical risk,China is stepping up its Iran war diplomacy ahead of Trump's summit with Xi,Abcnews.com,2026-05-06T13:20:37Z,"China’s diplomatic role in the Iran war has come into sharper focus after talks between Chinese and Iranian foreign ministers on Wednesday, days before U.S. President Donald Trump is expected to meet his Chinese counterpart Xi Jinping"
2026-05-07,geopolitics,geopolitical risk,Red Violet (RDVT) Fell due to Broad-Based Weakness Across The Software Sector,Yahoo Entertainment,2026-05-06T13:16:47Z,"Riverwater Partners, an investment management company, released its “Micro Opportunities Strategy” Q1 2026 investor letter. A copy of the letter can be..."
2026-05-07,geopolitics,geopolitical risk,"Bitcoin rips past $82,000, shorts liquidated after President Trump halts Hormuz operation sending oil price spiralling",CryptoSlate,2026-05-06T13:15:10Z,"Bitcoin rose above $82,000 as oil prices tumbled amid a powerful tailwind from a sudden and dramatic de-escalation in US-Iran geopolitical tensions. Data from CryptoSlate showed that BTC extended a weeklong rebound that has lifted its value by more than 7% th…"
2026-05-07,geopolitics,geopolitical risk,A Fully Funded Junior in the Middle of a Q2 Catalyst Window: NevGold Heads Into Maiden Antimony-Gold MRE With C$42.2M in the Treasury,PRNewswire,2026-05-06T13:15:00Z,"Baystreet.ca News Commentary Issued on behalf of NevGold Corp. NevGold Corp. (TSX-V: NAU | OTCQX: NAUFF | FRA: 5E50) closes one of the most catalyst-dense six-week stretches in its corporate history — upsized brokered financing, 1.11% antimony drill hits, up …"
2026-05-07,geopolitics,geopolitical risk,"New emergency credit scheme to aid banks, limit bad loans, brokerages say",Livemint,2026-05-06T13:07:45Z,"India’s ECLGS 5.0 scheme, with  ₹2.55 trillion in guaranteed credit, is expected to boost bank loan growth and protect asset quality amid West Asia war risks. Analysts say it offers a low-risk lending cushion, helping MSMEs and corporates manage liquidity str…"
2026-05-07,geopolitics,geopolitical risk,Rick Harrison praises Trump’s tax bill as ‘absolutely amazing’ — and says he could go down as ‘best president ever’,Yahoo Entertainment,2026-05-06T13:05:00Z,"‘I love this guy,’ the Pawn Stars personality said."
2026-05-07,geopolitics,geopolitical risk,Riverwater Partners Sold Tennant Company (TNC) Due to ERP Implementation Failure,Yahoo Entertainment,2026-05-06T13:00:41Z,"Riverwater Partners, an investment management company, released its “Small Cap Strategy” Q1 2026 investor letter. A copy of the letter can be downloaded here..."
2026-05-07,geopolitics,geopolitical risk,Iran-Linked APT Posed as Chaos Ransomware Member in Espionage Campaign,Infosecurity Magazine,2026-05-06T13:00:00Z,Rapid7 reveals an Iranian false flag operation masquerading as a Chaos ransomware attack
2026-06-09,finance,stock market,Nvidia Shares Advance 1.6% as AI Demand Fuels Continued Semiconductor Strength,Ibtimes.com.au,2026-06-08T14:52:26Z,"Nvidia's stock rose 1.58% amid strong AI infrastructure demand, driven by its leading position in AI accelerators and robust growth in data center segments."
2026-06-09,finance,stock market,Promoter entities sell Rs 153 crore worth shares in Motilal Oswal block deal; HDFC Life picks up stake,The Times of India,2026-06-08T14:51:47Z,"Two promoter-group charitable entities of Motilal Oswal Financial Services sold shares worth about Rs 153 crore through block deals, with HDFC Life acquiring the entire stake. The transaction reflects strong institutional interest in financial-sector stocks a…"
2026-06-09,finance,stock market,Alphabet GOOG Stock 2026 Outlook: Strong AI Momentum Makes It a Buy for Long-Term Investors,Ibtimes.com.au,2026-06-08T14:50:30Z,"Alphabet Inc. continues to dominate digital advertising and expand AI capabilities, making it a compelling long-term investment. Despite regulatory risks, its diversified model and innovation culture support growth."
2026-06-09,finance,stock market,Navitas Semiconductor Shares Rise Modestly as GaN Tech Demand Grows in AI Era,Ibtimes.com.au,2026-06-08T14:48:54Z,"Navitas Semiconductor's GaN technology is gaining traction in AI, electric vehicles, and data centers, offering efficiency and compact design advantages. The company is poised for growth amid rising demand."
2026-06-09,finance,stock market,"Bombay HC sets aside govt orders on one-time spectrum charges on Airtel, Vodafone Idea",The Times of India,2026-06-08T14:48:03Z,"The Bombay High Court has cancelled the one-time spectrum charges for Bharti Airtel and Vodafone Idea. This decision brings relief of approximately Rs 20,000 crore to both companies. Bank guarantees submitted by the firms will be returned. All demand notices …"
2026-06-09,finance,stock market,Tesla Shares Climb 3% in Early Trading Amid Strong EV and AI Sentiment,Ibtimes.com.au,2026-06-08T14:46:06Z,"Tesla shares rose 3.03% to $402.85, driven by positive electric vehicle market conditions and enthusiasm for its autonomous driving and energy storage innovations."
2026-06-09,finance,stock market,T. ROWE PRICE MARKS 50 YEARS OF MONEY MARKET AND TAX-FREE MUTUAL FUNDS,PRNewswire,2026-06-08T14:45:00Z,"Established in 1976, Government Money Fund and Tax-Free Income Fund continue to deliver on investors' needs to manage liquidity, taxes, and uncertainty amid heightened market volatility BALTIMORE, June 8, 2026 /PRNewswire/ -- T. Rowe Price, a premier global i…"
2026-06-09,finance,stock market,Intel Shares Surge 11.5% on Renewed AI Momentum and Strong Market Sentiment,Ibtimes.com.au,2026-06-08T14:43:25Z,"Intel shares rose over 11% due to positive momentum in AI and foundry initiatives, reflecting investor confidence in the company's strategic direction and potential in the semiconductor market."
2026-06-09,finance,stock market,GameStop Shares Edge Higher in Early Trading as Meme Stock Volatility Lingers,Ibtimes.com.au,2026-06-08T14:39:54Z,"GameStop shares rose modestly amid ongoing transformation efforts. The company focuses on cost reduction and diversification, facing challenges in a digital-first market while maintaining strong cash reserves."
2026-06-09,finance,stock market,Intel Foundry comeback! Is a bigger Intel stock surge ahead? INTC shares surge 9.16% today as Google’s 3 million TPU order and Nvidia testing fuel Intel’s AI revival,The Times of India,2026-06-08T14:38:43Z,"Intel stock is back in focus. INTC shares surged 9.16% after reports that Google ordered more than 3 million TPU AI chips from Intel for 2028. Nvidia is also testing Intel’s advanced 18A process. As TSMC faces capacity pressure, Intel Foundry is emerging as a…"
2026-06-09,finance,stock market,2 reasons stocks have been seeing wild post-earnings swings,Business Insider,2026-06-08T14:38:15Z,It's become a relatively common occurrence for a single stock to gain 40% in a day after earnings. A veteran strategist unpacks what's going on.
2026-06-09,finance,stock market,Tango Therapeutics Shares Surge 32% on Strong Clinical Momentum in Precision Oncology,Ibtimes.com.au,2026-06-08T14:38:08Z,"Tango Therapeutics' stock surged over 32% due to positive developments in its precision oncology pipeline, highlighting investor enthusiasm for its synthetic lethality platform targeting genetically defined cancers."
2026-06-09,finance,stock market,Bell Global Equities Fund Bets on MercadoLibre (MELI) Amid Weakness,Yahoo Entertainment,2026-06-08T14:37:05Z,"Bell Global Equities Fund, managed by Bell Asset Management, released its latest investor update, available for download. March saw heightened volatility due..."
2026-06-09,finance,stock market,The Math on SpaceX’s IPO Is Virtually Impossible,Futurism,2026-06-08T14:37:00Z,Elon Musk’s SpaceX is going public later this week at a market cap of $1.75 trillion. To justify such a number could be virtually impossible.
2026-06-09,finance,stock market,"Important Notice to Long-Term Shareholders of Badger Meter, Inc. (NYSE: BMI); Calix, Inc. (NYSE: CALX); LKQ Corporation (NASDAQ: LKQ); and Power Solutions International, Inc. (NASDAQ: PSIX): Grabar La",GlobeNewswire,2026-06-08T14:33:00Z,"Notice - Badger Meter, Inc. (NYSE: BMI); Calix, Inc. (NYSE: CALX); LKQ Corporation (NASDAQ: LKQ); and Power Solutions International, Inc. (NASDAQ: PSIX)..."
2026-06-09,finance,KOSPI,"Bitcoin's $63K Reclaim Liquidates $540M in Crypto Shorts, a 7-Week High",Decrypt,2026-06-08T12:41:22Z,"Experts remain cautious of Bitcoin’s weekend rebound to $63,000, pointing to ETF outflows and CME BTC volatility."
2026-06-09,finance,KOSPI,Oil prices are volatile with potential easing of violence after fire,Boston Herald,2026-06-08T12:34:26Z,Oil prices are volatile with potential easing of violence after firebostonherald.com
2026-06-09,finance,KOSPI,"Private sector banks are the best contrarian bet for the next 3 years, says S Naren",Economictimes.com,2026-06-08T12:04:52Z,ICICI Prudential AMC CIO S Naren warned that rising leverage through derivatives and margin trading poses a bigger risk than any slowdown in mutual fund inflows. He sees private sector banks as attractive contrarian bets and remains optimistic on India's debt…
2026-06-09,finance,KOSPI,"The iShares Korea ETF (EWY) Dropped 14% in Its Most Brutal Session in Six Years, and It Started With Broadcom",24/7 Wall St.,2026-06-08T12:00:15Z,"If you owned iShares MSCI South Korea ETF (NYSEARCA:EWY) on Friday morning, you had a roughly $204 share by the closing bell that was worth $175.19, a..."
2026-06-09,finance,KOSPI,Nvidia CEO says selloff in tech stocks is a buying opportunity,Financial Post,2026-06-08T11:45:25Z,Huang said the industry was still in the early stages of constructing infrastructure that will serve as the foundation of an AI-fueled future
2026-06-09,finance,KOSPI,Nvidia signs multi-year memory chip deal with SK Hynix,Quartz India,2026-06-08T11:17:50Z,SK Hynix stock closed 7.7% lower on Monday as robust U.S. jobs data fueled bets on a Federal Reserve rate hike
2026-06-09,finance,KOSPI,"Sensex, Nifty fall 1% as Nasdaq correction, West Asia tensions rattle markets",BusinessLine,2026-06-08T11:03:26Z,"The BSE Sensex fell 719.08 points or 0.97% to 73,524.26, hitting a low of 73,318.94; The Nifty 50 dropped 243.70 points or 1.04% to close at 23,123"
2026-06-09,finance,KOSPI,"Iran War: Iran Launches New Strikes on Israel After Netanyahu Humiliated Trump by Ignoring Demand to Stand Pat; Ansar Allah Attacks Israel and Saudi Base, Makes Red Sea Threat; South Korea Swoon Adds ",Nakedcapitalism.com,2026-06-08T10:54:01Z,Today's Iran war update: Iran and Israel exchange attacks rapidly as Trump blusters and the AI meltdown accelerates in global markets
2026-06-09,finance,KOSPI,"Bitcoin price rebound wobbles as Israel defies Trump and hits Iran, sending oil back toward $100",CryptoSlate,2026-06-08T10:40:56Z,"Bitcoin's brief weekend rally lost its footing as a sudden resumption of military hostilities between Israel and Iran triggered a broad rotation away from risk-on investments. The geopolitical escalation, which defied explicit diplomatic pressure from Washing…"
2026-06-09,finance,KOSPI,"Sensex today | Stock Market Highlights: Sensex settles at 73,524.26, down 719.08 pts (0.97%); Nifty ends at 23,123, down 243.70 pts (1.04%)",BusinessLine,2026-06-08T10:28:12Z,"Sensex, Nifty, Stock Price Highlights:- Shares fell on Monday, tracking a sharp ​selloff across Asian markets, while crude prices spiked due to ‌an escalation of the Middle East ​conflict"
2026-06-09,finance,KOSPI,Snowflake CEO says there’s a big myth at the heart of every org chart,Fortune,2026-06-08T10:17:39Z,Also: All the news and watercooler chat from Fortune.
2026-06-09,finance,KOSPI,"Trump begs Israel, Iran to 'immediately stop shooting' as ceasefire crumbles in real time",Raw Story,2026-06-08T10:17:05Z,"President Donald Trump publicly pleaded with Israel and Iran to halt their fighting early Monday as the two countries traded their worst strikes since the April truce, threatening to collapse the peace deal Trump had declared was days away from completion.""Is…"
2026-06-09,finance,KOSPI,‘We didn’t see this coming’: Wall Street eats its forecasts as stocks sell off globally on fear of AI bubble ahead of SpaceX IPO,Fortune,2026-06-08T09:48:21Z,Everything you need to know before you reach the office this morning.
2026-06-09,finance,KOSPI,"11:11 | Tensions in West Asia flare up, crude oil, Zverev wins Roland Garros, Philippines earthquake and more",CNBCTV18,2026-06-08T09:19:20Z,"Hello and Welcome to CNBC-TV18's Newsletter. Today, we take a look at the rising tension in the Persian Gulf amid a fragile ceasefire, A Zverev triumphs at the French Open, a massive 8.1 magnitude earthquake in the Philippines, Israel's strike on Iran despite…"
2026-06-09,finance,KOSPI,South Korea's KOSPI craters over 8% as Fed fears spark tech rout - Reuters,Slashdot.org,2026-06-08T09:12:48Z,South Korea's KOSPI craters over 8% as Fed fears spark tech routReuters Global stocks slide led by meltdown in South KoreaFinancial Times Foreign investors have dumped billions of dollars of Korean stocks this year despite record rally. Here's whyCNBC Tech st…
2026-06-09,finance,Korea economy,"Comparing India with Taiwan, South Korea on semiconductors not very accurate: Union minister Vaishnaw",The Times of India,2026-06-08T14:41:27Z,"India is rapidly advancing in semiconductor manufacturing and AI adoption. Union Minister Ashwini Vaishnaw highlighted significant progress in the country's semiconductor mission, with commercial production already underway. The upcoming Semicon 2.0 program w…"
2026-06-09,finance,Korea economy,"Smart Home Market Expected to Reach US$ 1,434.47 Billion by 2034",GlobeNewswire,2026-06-08T14:21:00Z,"Smart home market size is projected to reach US$ 1,434.47 billion by 2034 from US$ 159.92 billion in 2025 at CAGR of 27.60%..."
2026-06-09,finance,Korea economy,Industrial Robotics Market worth $20.80 billion by 2032 - Exclusive Report by MarketsandMarkets™,PRNewswire,2026-06-08T14:15:00Z,"DELRAY BEACH, Fla., June 8, 2026 /PRNewswire/ -- According to MarketsandMarkets™, the industrial robotics market is projected to grow from USD 15.50 billion in 2026 to reach USD 20.80 billion by 2032, registering a CAGR of 5.0% during the forecast period. Bro…"
2026-06-09,finance,Korea economy,"2026 Protein Market Report: Whey Supply Crisis, FMCG-Led Growth Surge, and Ingredient Import Disruptions Reshape the $133 Billion Industry",PRNewswire,2026-06-08T14:01:00Z,"PUNE, India, June 8, 2026 /PRNewswire/ -- Market Decipher has released the Global Protein Market Report, 2026–2036 — a decision-grade intelligence study for senior executives navigating the most structurally disrupted protein cycle in modern food industry his…"
2026-06-09,finance,Korea economy,High-performance Fiber Market to Reach USD 43.4 Billion by 2036 as Aerospace Lightweighting and Electric Vehicle Adoption Accelerate Global Demand,PRNewswire,2026-06-08T14:01:00Z,"NEWARK, Del., June 8, 2026 /PRNewswire/ -- The global High-performance Fiber Market is entering a new phase of strategic expansion, supported by rising aerospace production, defense modernization programs, automotive lightweighting initiatives, and renewable …"
2026-06-09,finance,Korea economy,Metaverse in Entertainment Market worth $121.96 billion by 2032 | Exclusive Report by MarketsandMarkets™,PRNewswire,2026-06-08T14:01:00Z,"DELRAY BEACH, Fla., June 8, 2026 /PRNewswire/ -- According to MarketsandMarkets™, the global Metaverse in Entertainment Market size will grow to USD 121.96 billion by 2032 from USD 30.6 billion in 2026, at a CAGR of 25.9% during the forecast period. Browse 15…"
2026-06-09,finance,Korea economy,Soccer In The MENA Region Is Re-Shaping The World Cup,Forbes,2026-06-08T13:32:42Z,"The MENA region has quickly become a host destination for FIFA's World Cup tournament, as well as a lucrative source of revenues for football's global governing body."
2026-06-09,finance,Korea economy,Kim Jong Un hosts Xi Jinping from a position of rare strength,NBC News,2026-06-08T13:30:21Z,Kim Jong Un offered China’s president a grand welcome Monday.
2026-06-09,finance,Korea economy,Can Xi bring North Korea closer into Beijing's orbit?,DW (English),2026-06-08T12:47:00Z,"The Chinese leader's first trip to North Korea in 7 years comes as Pyongyang has moved closer to Russia. Kim Jong Un is likely to seek more access to China's economic power, analysts say. Chinese President Xi Jinping arrived in Pyongyang on Monday for his fir…"
2026-06-09,finance,Korea economy,The European Allies are Moving On: How Trump’s MAGA is Accelerating the Decline of U.S. Global Power,Globalresearch.ca,2026-06-08T12:11:04Z,"A year ago, when President Donald Trump abruptly announced sweeping unilateral tariff increases in April 2025, much of the world reacted with alarm. 
Governments scrambled to assess the damage, global markets convulsed, and American allies – particularly in E…"
2026-06-09,finance,Korea economy,North Korea needs China for survival: Why does Beijing need Pyongyang?,Al Jazeera English,2026-06-08T12:00:42Z,Chinese President Xi Jinping visits North Korea as Beijing aims to boost ties amid growing Pyongyang-Moscow relations.
2026-06-09,finance,Korea economy,"Xi calls on China, DPRK to consolidate trust, boost practical cooperation",Globalsecurity.org,2026-06-08T12:00:00Z,"Xi Jinping, general secretary of the Communist Party of China Central Committee and Chinese president, said on Monday that China and the Democratic People's Republic of Korea (DPRK) should consolidate the foundation of political mutual trust and enhance the l…"
2026-06-09,finance,Korea economy,BTC price bottom not due until Q4? Five things to know in Bitcoin this week,Cointelegraph,2026-06-08T11:40:55Z,"Bitcoin appears months away from a bear-market bottom this week, analysis concludes as $60,000 hangs in the balance."
2026-06-09,finance,Korea economy,Prefabricated Panels Market Size to Reach USD 115.79 Billion by 2035 as Sustainable Construction Demand Accelerates Worldwide | SNS Insider,GlobeNewswire,2026-06-08T11:01:00Z,"U.S. Market Projected to Hit USD 28.51 Billion by 2035, While Europe Advances Toward USD 31.85 Billion on Energy-Efficient Building Initiatives U.S. Market Projected to Hit USD 28.51 Billion by 2035, While Europe Advances Toward USD 31.85 Billion on Energy-Ef…"
2026-06-09,finance,Korea economy,Amogy and Amun Energy Execute Supply Agreement for Commercial-Scale Ammonia-to-Power Project in South Korea,GlobeNewswire,2026-06-08T11:00:00Z,Amogy and Amun Energy announce a supply agreement to support the development of a commercial-scale ammonia-based power generation project in South Korea....
2026-06-09,finance,inflation,Europe Watches Its Economic Recovery Fade Into the Distance - The New York Times,Slashdot.org,2026-06-08T14:53:16Z,Europe Watches Its Economic Recovery Fade Into the DistanceThe New York Times Is the euro area facing a significant economic slowdown in 2026?Investing.com Euro zone firms struggle to raise prices despite Iran war shockReuters ECB Needs to See If Energy Feedi…
2026-06-09,finance,inflation,"Los Angeles Seniors Hit the $2,000 Medicare Drug Cap for the First Time — Here's What Happens to Their Prescriptions for the Rest of 2026",Medical Daily,2026-06-08T14:52:26Z,"Los Angeles seniors are reaching Medicare's new $2,000 annual drug cost cap for the first time in 2026, triggering full drug coverage for the rest of the year and marking a major shift in prescription affordability under recent federal reforms."
2026-06-09,finance,inflation,"While Americans Suffer, Congress Quibbles Over Private Jet Taxes With Sneaky Move",The Daily Caller,2026-06-08T14:51:23Z,"What's top of mind Monday for our dear lawmakers in Washington, D.C.? An issue that concerns about 0.00343% of the American population: private jets."
2026-06-09,finance,inflation,AI in Energy Market Report 2026,GlobeNewswire,2026-06-08T14:50:00Z,"The AI in energy market is thriving due to rising energy demands, grid automation, renewable expansion, and smart tech. Growth drivers include AI grid intelligence, microgrid usage, and predictive energy analytics. Opportunities abound in grid optimization, e…"
2026-06-09,finance,inflation,Metal cos to lead Nifty earnings growth to 20% this fiscal: Jain,BusinessLine,2026-06-08T14:48:42Z,"Jain said that metal prices have surged due to supply chain disruptions and the war in West Asia. Indian companies have capitalized on this, which will help Nifty deliver better returns amid global uncertainty"
2026-06-09,finance,inflation,Bell Global Equities Fund Sold Nike (NKE) Amid Recovery Challenges and Inflation Pressure,Yahoo Entertainment,2026-06-08T14:48:24Z,
2026-06-09,finance,inflation,T. ROWE PRICE MARKS 50 YEARS OF MONEY MARKET AND TAX-FREE MUTUAL FUNDS,PRNewswire,2026-06-08T14:45:00Z,"Established in 1976, Government Money Fund and Tax-Free Income Fund continue to deliver on investors' needs to manage liquidity, taxes, and uncertainty amid heightened market volatility BALTIMORE, June 8, 2026 /PRNewswire/ -- T. Rowe Price, a premier global i…"
2026-06-09,finance,inflation,Trump says Fed rate increase would be wrong after jobs report,Crypto Briefing,2026-06-08T14:38:46Z,"Trump's stance against Fed rate hikes highlights tensions between economic growth and inflation control, impacting market stability and investor strategies.
The post Trump says Fed rate increase would be wrong after jobs report appeared first on Crypto Briefi…"
2026-06-09,finance,inflation,"Blame bitcoin's tumble on rising inflation, not Strategy, 10xResearch argues",CoinDesk,2026-06-08T14:37:27Z,"The main driver behind bitcoin's weakness was ETF selling after red-hot April U.S. inflation data, 10x's Markus Thielen argued. The bounce may hinge on Wednesday's CPI data, he said."
2026-06-09,finance,inflation,Bell Global Equities Fund Bets on MercadoLibre (MELI) Amid Weakness,Yahoo Entertainment,2026-06-08T14:37:05Z,"Bell Global Equities Fund, managed by Bell Asset Management, released its latest investor update, available for download. March saw heightened volatility due..."
2026-06-09,finance,inflation,"Exxon CEO delivers blunt message on oil prices, economy",TheStreet,2026-06-08T14:37:00Z,Oil futures spent much of the spring moving sideways while something very different was happening in the physical market. Inventories were disappearing...
2026-06-09,finance,inflation,Purdue University Study: USMCA Helps Keep Food Prices Lower for American Families,PRNewswire,2026-06-08T14:33:00Z,"Analysis released by the Agricultural Coalition for USMCA shows North American trade supports consumers, farmers, food makers and stronger supply chains WASHINGTON, June 8, 2026 /PRNewswire/ -- As food costs remain a strain for U.S. families, a new Purdue Uni…"
2026-06-09,finance,inflation,"If the universe is infinite — which current cosmology suggests is genuinely possible — then somewhere out there, beyond the part we can observe, there is an exact copy of the Earth, an exact copy of y",Space Daily,2026-06-08T14:30:31Z,"The argument is a peer-reviewed prediction of inflationary cosmology, developed most thoroughly by the physicist Max Tegmark, then at the University of Pennsylvania, in a 2003 paper titled simply “Parallel Universes,” published in the conference volume Scienc…"
2026-06-09,finance,inflation,Boot Barn Holdings (BOOT) Slipped as Consumer Discretionary Faces Geopolitical Tensions,Yahoo Entertainment,2026-06-08T14:29:56Z,"Bell Global Equities Fund, managed by Bell Asset Management, released its latest investor update, available for download. March saw heightened volatility due..."
2026-06-09,finance,interest rate,AI in Energy Market Report 2026,GlobeNewswire,2026-06-08T14:50:00Z,"The AI in energy market is thriving due to rising energy demands, grid automation, renewable expansion, and smart tech. Growth drivers include AI grid intelligence, microgrid usage, and predictive energy analytics. Opportunities abound in grid optimization, e…"
2026-06-09,finance,interest rate,T. ROWE PRICE MARKS 50 YEARS OF MONEY MARKET AND TAX-FREE MUTUAL FUNDS,PRNewswire,2026-06-08T14:45:00Z,"Established in 1976, Government Money Fund and Tax-Free Income Fund continue to deliver on investors' needs to manage liquidity, taxes, and uncertainty amid heightened market volatility BALTIMORE, June 8, 2026 /PRNewswire/ -- T. Rowe Price, a premier global i…"
2026-06-09,finance,interest rate,Trump says Fed rate increase would be wrong after jobs report,Crypto Briefing,2026-06-08T14:38:46Z,"Trump's stance against Fed rate hikes highlights tensions between economic growth and inflation control, impacting market stability and investor strategies.
The post Trump says Fed rate increase would be wrong after jobs report appeared first on Crypto Briefi…"
2026-06-09,finance,interest rate,"Blame bitcoin's tumble on rising inflation, not Strategy, 10xResearch argues",CoinDesk,2026-06-08T14:37:27Z,"The main driver behind bitcoin's weakness was ETF selling after red-hot April U.S. inflation data, 10x's Markus Thielen argued. The bounce may hinge on Wednesday's CPI data, he said."
2026-06-09,finance,interest rate,"Buy, Sell, or Hold: CoreWeave at $100",24/7 Wall St.,2026-06-08T14:15:11Z,"At $100.39, CoreWeave (NASDAQ:CRWV) is a hold. The stock has shed 27.24% in a month while investors debate a core question: can the company convert a $99.4..."
2026-06-09,finance,interest rate,"2026 Protein Market Report: Whey Supply Crisis, FMCG-Led Growth Surge, and Ingredient Import Disruptions Reshape the $133 Billion Industry",PRNewswire,2026-06-08T14:01:00Z,"PUNE, India, June 8, 2026 /PRNewswire/ -- Market Decipher has released the Global Protein Market Report, 2026–2036 — a decision-grade intelligence study for senior executives navigating the most structurally disrupted protein cycle in modern food industry his…"
2026-06-09,finance,interest rate,Metaverse in Entertainment Market worth $121.96 billion by 2032 | Exclusive Report by MarketsandMarkets™,PRNewswire,2026-06-08T14:01:00Z,"DELRAY BEACH, Fla., June 8, 2026 /PRNewswire/ -- According to MarketsandMarkets™, the global Metaverse in Entertainment Market size will grow to USD 121.96 billion by 2032 from USD 30.6 billion in 2026, at a CAGR of 25.9% during the forecast period. Browse 15…"
2026-06-09,finance,interest rate,What sets the mutation rate of a cell type in an animal species?,Plos.org,2026-06-08T14:00:00Z,"Mutation rates per generation are strikingly similar across germlines of animals and across at least one somatic cell type, suggesting a key role for natural selection in shaping mutation rates. This Essay summarizes the patterns identified to date and outlin…"
2026-06-09,finance,interest rate,Metabolic organization of macaque visual cortex reflects visual field topography and perceptual specialization,Plos.org,2026-06-08T14:00:00Z,"What factors can explain the brain's energy usage patterns? This study shows that the distribution of a key metabolic marker in the primate visual system is not random but linked with functional responses, suggesting that cortical resource distribution is sha…"
2026-06-09,finance,interest rate,Assessing the inference of single-cell phylogenies and population dynamics from CRISPR lineage recordings,Plos.org,2026-06-08T14:00:00Z,Author summary Novel technologies provide means to trace the development of cell populations over time by introducing heritable and editable genetic sequences that record lineage information in the cells’ genome. Reconstructing a population’s history from suc…
2026-06-09,finance,interest rate,Isolation of bioactive compounds from the petroleum ether soluble fraction of Eichhornia crassipes (Mart.) Solms flowers with dual evaluation: In silico studies of isolated molecules and in vitro/in v,Plos.org,2026-06-08T14:00:00Z,"Eichhornia crassipes (water hyacinth), an invasive aquatic plant, has attracted interest as a potential source of pharmacologically active natural products despite its ecological impact. The present study investigated the petroleum ether soluble fraction (PSF…"
2026-06-09,finance,interest rate,Higher dietary polyphenol intake is associated with reduced pain sensitivity and migraine-related disability: A cross-sectional analysis,Plos.org,2026-06-08T14:00:00Z,Introduction Migraine is a highly disabling neurological disorder characterized by recurrent headache attacks and altered pain processing. Emerging evidence suggests that dietary patterns rich in antioxidant compounds may modulate migraine-related pathophysio…
2026-06-09,finance,interest rate,Reinforcement learning for policymaking in epidemic control: A scoping review,Plos.org,2026-06-08T14:00:00Z,"Background Managing an epidemic demands policies that respond at the pace of the outbreak. Conventional rule‑based interventions struggle to keep up, prompting interest in reinforcement learning (RL) for designing non‑pharmaceutical interventions (NPIs). Howe…"
2026-06-09,finance,interest rate,Statistics of cortical representational drift can enable robust readout,Plos.org,2026-06-08T14:00:00Z,"Author summary Percepts, actions and experiences, such as the appearance of an apple and its flavour, are represented in the activity of populations of neurons in various parts of the brain. For decades, it has been possible to measure this activity and relat…"
2026-06-09,finance,interest rate,RNA Polymerase III subunit Polr3a is required for craniofacial cartilage and bone development in zebrafish,Plos.org,2026-06-08T14:00:00Z,"Author summary Craniofacial anomalies account for around 33% of all congenital birth defects and many of these are associated with defects in neural crest cell development. Disruptions in RNA Polymerase III, which plays important roles in ribosome biogenesis …"
2026-06-09,tech,artificial intelligence,Nvidia Shares Advance 1.6% as AI Demand Fuels Continued Semiconductor Strength,Ibtimes.com.au,2026-06-08T14:52:26Z,"Nvidia's stock rose 1.58% amid strong AI infrastructure demand, driven by its leading position in AI accelerators and robust growth in data center segments."
2026-06-09,tech,artificial intelligence,Alphabet GOOG Stock 2026 Outlook: Strong AI Momentum Makes It a Buy for Long-Term Investors,Ibtimes.com.au,2026-06-08T14:50:30Z,"Alphabet Inc. continues to dominate digital advertising and expand AI capabilities, making it a compelling long-term investment. Despite regulatory risks, its diversified model and innovation culture support growth."
2026-06-09,tech,artificial intelligence,AI in Energy Market Report 2026,GlobeNewswire,2026-06-08T14:50:00Z,"The AI in energy market is thriving due to rising energy demands, grid automation, renewable expansion, and smart tech. Growth drivers include AI grid intelligence, microgrid usage, and predictive energy analytics. Opportunities abound in grid optimization, e…"
2026-06-09,tech,artificial intelligence,"D&O Market Expected to Tighten Under Pressure, Says AM Best",Insurance Journal,2026-06-08T14:49:24Z,"Analysts at insurance rating firm AM Best said there are “warning signs” for the directors & offers liability market, leading to shrinking underwriting margins and a tighter environment for buyers in 2026. In a new report, AM Best said 2025 …"
2026-06-09,tech,artificial intelligence,Navitas Semiconductor Shares Rise Modestly as GaN Tech Demand Grows in AI Era,Ibtimes.com.au,2026-06-08T14:48:54Z,"Navitas Semiconductor's GaN technology is gaining traction in AI, electric vehicles, and data centers, offering efficiency and compact design advantages. The company is poised for growth amid rising demand."
2026-06-09,tech,artificial intelligence, A team-mate’s look says it all: when will Ronaldo finally stop?,Onefootball.com,2026-06-08T14:48:00Z,"Even at 41(!), Cristiano Ronaldo still has a built-in guarantee of goals. He proved that both at the Nations League Final Four last summer and in the recently concluded season – even if “only” ..."
2026-06-09,tech,artificial intelligence,Tesla Shares Climb 3% in Early Trading Amid Strong EV and AI Sentiment,Ibtimes.com.au,2026-06-08T14:46:06Z,"Tesla shares rose 3.03% to $402.85, driven by positive electric vehicle market conditions and enthusiasm for its autonomous driving and energy storage innovations."
2026-06-09,tech,artificial intelligence,Intel Shares Surge 11.5% on Renewed AI Momentum and Strong Market Sentiment,Ibtimes.com.au,2026-06-08T14:43:25Z,"Intel shares rose over 11% due to positive momentum in AI and foundry initiatives, reflecting investor confidence in the company's strategic direction and potential in the semiconductor market."
2026-06-09,tech,artificial intelligence,"Comparing India with Taiwan, South Korea on semiconductors not very accurate: Union minister Vaishnaw",The Times of India,2026-06-08T14:41:27Z,"India is rapidly advancing in semiconductor manufacturing and AI adoption. Union Minister Ashwini Vaishnaw highlighted significant progress in the country's semiconductor mission, with commercial production already underway. The upcoming Semicon 2.0 program w…"
2026-06-09,tech,artificial intelligence,"A G7 That Looks Increasingly Like a G20, with India as the Indispensable Guest",Opinion-internationale.com,2026-06-08T14:37:39Z,"Global diplomacy often evolves faster than the institutions designed to organize it. The next G7 summit, which France will host in Évian-les-Bains from June 15 to 17, 2026, offers yet another illustration…
L’article A G7 That Looks Increasingly Like a G20, wi…"
2026-06-09,tech,artificial intelligence,"Website ranks Brazil kit 2nd best at World Cup, see top 48 ",Onefootball.com,2026-06-08T14:37:00Z,The Athletic analyzed all the home kits of the 48 national teams taking part in the World Cup and ranked the Brazil national team shirt as the second most beautiful of the tournament.Ghana’s shirt w...
2026-06-09,tech,artificial intelligence,Amazon Seeks to Raise at Least C$7 Billion in Canada Bond Sale,Financial Post,2026-06-08T14:35:42Z,Amazon.com Inc. is seeking to raise at least C$7 billion ($5 billion) from investment-grade bonds in Canadian dollars as US hyperscalers look beyond their home market to fund artificial intelligence spending.
2026-06-09,tech,artificial intelligence,Telstra and Google expand their digital infrastructure alliance,Verdict,2026-06-08T14:30:51Z,"Telstra and Google’s latest alliance reflects a broader shift as telecom operators evolve into digital infrastructure providers, and hyperscalers become..."
2026-06-09,tech,artificial intelligence,AIFA Issues Formal Clarification and Refutation Regarding the Share Acquisition Transaction Involving HyalRoute Communication Group Limited,Financial Post,2026-06-08T14:30:29Z,"NEW YORK, June 08, 2026 (GLOBE NEWSWIRE) — All In FutureTech Alliance Inc. (Nasdaq: AIFA) (the “Company” or “AIFA”) recently became aware that the current management team of HyalRoute Communication Group Limited (“HyalRoute”), acting through the personal name…"
2026-06-09,tech,artificial intelligence,Permission granted for €1bn data centre campus in Westmeath despite local opposition,TheJournal.ie,2026-06-08T14:30:03Z,The council planners granted a 10-year planning permission to a company owned by Offaly businessman Nigel Reams for a six unit data centre and a decentralised energy resource on town lands across Rochfortbridge.
2026-06-09,tech,semiconductor,Nvidia Shares Advance 1.6% as AI Demand Fuels Continued Semiconductor Strength,Ibtimes.com.au,2026-06-08T14:52:26Z,"Nvidia's stock rose 1.58% amid strong AI infrastructure demand, driven by its leading position in AI accelerators and robust growth in data center segments."
2026-06-09,tech,semiconductor,"Global Radio Masts and Towers Market to Reach USD 8.20 Billion by 2033, Expanding at 4.4% CAGR Driven by 5G Infrastructure Rollouts, Network Densification, and Broadcast Modernization: Verified Market",GlobeNewswire,2026-06-08T14:50:00Z,"Surging demand for telecommunications tower infrastructure, spectrum-driven capacity upgrades, and next-generation broadcast transmission systems underpin steady long-term expansion of the global Radio Masts and Towers Market through the 2025-2033 forecast ho…"
2026-06-09,tech,semiconductor,Navitas Semiconductor Shares Rise Modestly as GaN Tech Demand Grows in AI Era,Ibtimes.com.au,2026-06-08T14:48:54Z,"Navitas Semiconductor's GaN technology is gaining traction in AI, electric vehicles, and data centers, offering efficiency and compact design advantages. The company is poised for growth amid rising demand."
2026-06-09,tech,semiconductor,Intel Shares Surge 11.5% on Renewed AI Momentum and Strong Market Sentiment,Ibtimes.com.au,2026-06-08T14:43:25Z,"Intel shares rose over 11% due to positive momentum in AI and foundry initiatives, reflecting investor confidence in the company's strategic direction and potential in the semiconductor market."
2026-06-09,tech,semiconductor,"Comparing India with Taiwan, South Korea on semiconductors not very accurate: Union minister Vaishnaw",The Times of India,2026-06-08T14:41:27Z,"India is rapidly advancing in semiconductor manufacturing and AI adoption. Union Minister Ashwini Vaishnaw highlighted significant progress in the country's semiconductor mission, with commercial production already underway. The upcoming Semicon 2.0 program w…"
2026-06-09,tech,semiconductor,Intel Foundry comeback! Is a bigger Intel stock surge ahead? INTC shares surge 9.16% today as Google’s 3 million TPU order and Nvidia testing fuel Intel’s AI revival,The Times of India,2026-06-08T14:38:43Z,"Intel stock is back in focus. INTC shares surged 9.16% after reports that Google ordered more than 3 million TPU AI chips from Intel for 2028. Nvidia is also testing Intel’s advanced 18A process. As TSMC faces capacity pressure, Intel Foundry is emerging as a…"
2026-06-09,tech,semiconductor,2 reasons stocks have been seeing wild post-earnings swings,Business Insider,2026-06-08T14:38:15Z,It's become a relatively common occurrence for a single stock to gain 40% in a day after earnings. A veteran strategist unpacks what's going on.
2026-06-09,tech,semiconductor,Industrial Robotics Market worth $20.80 billion by 2032 - Exclusive Report by MarketsandMarkets™,PRNewswire,2026-06-08T14:15:00Z,"DELRAY BEACH, Fla., June 8, 2026 /PRNewswire/ -- According to MarketsandMarkets™, the industrial robotics market is projected to grow from USD 15.50 billion in 2026 to reach USD 20.80 billion by 2032, registering a CAGR of 5.0% during the forecast period. Bro…"
2026-06-09,tech,semiconductor,US Stocks Rebound From Selloff as Nvidia Leads Big-Tech Gains,Financial Post,2026-06-08T14:07:28Z,"US stocks bounced back on Monday from the worst rout this year, as a selloff in technology stocks eased and traders assessed flaring tensions in the Middle East, which supported oil prices and energy shares."
2026-06-09,tech,semiconductor,"World's most advanced chips, including Nvidia chips, being designed in India: Union minister Ashwini Vaishnaw",The Times of India,2026-06-08T14:02:27Z,India is now designing advanced semiconductor chips for global leaders like Nvidia and Intel. Over 300 universities are teaching chip design. India aims to become a major semiconductor design and manufacturing hub. The nation is focusing on the entire ecosyst…
2026-06-09,tech,semiconductor,"Nvidia market cap surpasses $5T, solidifying tech dominance",Crypto Briefing,2026-06-08T14:01:34Z,"Nvidia's valuation surge underscores the strategic importance of semiconductors in global tech dominance and geopolitical dynamics.
The post Nvidia market cap surpasses $5T, solidifying tech dominance appeared first on Crypto Briefing."
2026-06-09,tech,semiconductor,Next-gen chips discussed at top NVIDIA and Samsung meeting in Korea,SamMobile,2026-06-08T14:00:26Z,"NVIDIA CEO Jensen Huang is on a trip to South Korea this week, meeting local partners, including those from the semiconductor industry. He met with Jun Young-hyun, the co-CEO of Samsung Electronics and the head of its chip division, earlier today in Seoul. Ne…"
2026-06-09,tech,semiconductor,EU delegation visits Tata Electronics semiconductor project at Assam's Jagiroad,BusinessLine,2026-06-08T14:00:10Z,"EU delegation, led by ambassadors, visits Tata Electronics' semiconductor project in Assam, exploring investment and industrial growth opportunities."
2026-06-09,tech,semiconductor,Finwave Semiconductor Highlights Expanded High-Power RF Switch Portfolio and X-Microwave Partnership at IMS2026,GlobeNewswire,2026-06-08T14:00:00Z,Finwave Semiconductor is highlighting its expanded high-power RF switch portfolio and X-Microwave partnership at IMS2026....
2026-06-09,tech,semiconductor,Nvidia’s Jensen Huang confirms Vera CPUs will use SK Hynix memory chips,Crypto Briefing,2026-06-08T13:50:37Z,"Nvidia's reliance on SK Hynix for memory chips highlights potential supply chain vulnerabilities, impacting AI hardware stability and investor confidence.
The post Nvidia’s Jensen Huang confirms Vera CPUs will use SK Hynix memory chips appeared first on Crypt…"
2026-06-09,tech,startup Korea,"Comparing India with Taiwan, South Korea on semiconductors not very accurate: Union minister Vaishnaw",The Times of India,2026-06-08T14:41:27Z,"India is rapidly advancing in semiconductor manufacturing and AI adoption. Union Minister Ashwini Vaishnaw highlighted significant progress in the country's semiconductor mission, with commercial production already underway. The upcoming Semicon 2.0 program w…"
2026-06-09,tech,startup Korea,"Active Optical Cable Market Fueled by AI Data-Center Traffic, Says Strategic Market Research",PRNewswire,2026-06-08T14:01:00Z,"Global Active Optical Cable Market to grow from USD 3.6 billion in 2024 to USD 7.8 billion by 2030 as data centers, telecom operators, and high-performance computing environments shift toward low-latency, high-bandwidth optical interconnects SAMBALPUR, India,…"
2026-06-09,tech,startup Korea,Next-gen chips discussed at top NVIDIA and Samsung meeting in Korea,SamMobile,2026-06-08T14:00:26Z,"NVIDIA CEO Jensen Huang is on a trip to South Korea this week, meeting local partners, including those from the semiconductor industry. He met with Jun Young-hyun, the co-CEO of Samsung Electronics and the head of its chip division, earlier today in Seoul. Ne…"
2026-06-09,tech,startup Korea,UK government plans to buy AI chips from British tech firms in bid to stop brain drain,Crypto Briefing,2026-06-08T11:02:18Z,"The UK's AI chip procurement plan could bolster domestic tech growth, enhance national security, and stabilize supply chains amid global competition.
The post UK government plans to buy AI chips from British tech firms in bid to stop brain drain appeared firs…"
2026-06-09,tech,startup Korea,"SK Group, Nvidia expand chip alliance into make ""AI factories""",The Tribune India,2026-06-08T10:17:29Z,"SK Group and Nvidia are expanding their chip alliance into artificial intelligence infrastructure, as SK Group Chairman Chey Tae-won and Nvidia CEO Jensen Huang unveiled plans to deepen cooperation beyond memory chips. The two companies plan to build what the…"
2026-06-09,tech,startup Korea,"SK Group, Nvidia expand chip alliance into make ""AI factories"" - english.punjabkesari.com",Punjabkesari.com,2026-06-08T10:12:59Z,"SK Group and Nvidia are expanding their chip alliance into artificial intelligence infrastructure, as SK Group Chairman Chey Tae-won and Nvidia CEO Jensen Huang unveiled plans to deepen cooperation beyond memory chips. The two companies plan to build what the…"
2026-06-09,tech,startup Korea,Weekly Climate and Energy News Roundup #693,Wattsupwiththat.com,2026-06-08T09:00:00Z,"Quote of the Week: “One thing I have learned in a long life: that all our science, measured against reality, is primitive and childlike — and yet it is the most precious thing we have.” 
The post Weekly Climate and Energy News Roundup #693 appeared first on W…"
2026-06-09,tech,startup Korea,Bybit to offer tokenized SpaceX IPO access through xStocks,Cointelegraph,2026-06-08T07:00:00Z,"Eligible Bybit users can subscribe to tokenized SpaceX IPO shares through xStocks, a Kraken-linked framework that brings public market offerings to crypto exchanges."
2026-06-09,tech,startup Korea,South Korea names first female PM in decades to lead AI push,Bloomberg,2026-06-08T06:42:13Z,South Korean President Lee Jae Myung is placing his hopes on former Naver Corp. chief executive Han Seong Sook to help better utilize the nation’s tech expertise for future growth and ensure its benefits spread more widely through the economy.
2026-06-09,tech,startup Korea,(VIDEO) Nvidia CEO Jensen Huang Throws Ceremonial First Pitch at KBO Baseball Game in Seoul,Ibtimes.com.au,2026-06-07T12:20:05Z,"Nvidia CEO Jensen Huang's visit to South Korea included a ceremonial first pitch at a baseball game, strengthening ties with key partners amid U.S.-China trade tensions."
2026-06-09,consumer,retail sales,"Global Radio Masts and Towers Market to Reach USD 8.20 Billion by 2033, Expanding at 4.4% CAGR Driven by 5G Infrastructure Rollouts, Network Densification, and Broadcast Modernization: Verified Market",GlobeNewswire,2026-06-08T14:50:00Z,"Surging demand for telecommunications tower infrastructure, spectrum-driven capacity upgrades, and next-generation broadcast transmission systems underpin steady long-term expansion of the global Radio Masts and Towers Market through the 2025-2033 forecast ho…"
2026-06-09,consumer,retail sales,Tesla Shares Climb 3% in Early Trading Amid Strong EV and AI Sentiment,Ibtimes.com.au,2026-06-08T14:46:06Z,"Tesla shares rose 3.03% to $402.85, driven by positive electric vehicle market conditions and enthusiasm for its autonomous driving and energy storage innovations."
2026-06-09,consumer,retail sales,GameStop Shares Edge Higher in Early Trading as Meme Stock Volatility Lingers,Ibtimes.com.au,2026-06-08T14:39:54Z,"GameStop shares rose modestly amid ongoing transformation efforts. The company focuses on cost reduction and diversification, facing challenges in a digital-first market while maintaining strong cash reserves."
2026-06-09,consumer,retail sales,The Math on SpaceX’s IPO Is Virtually Impossible,Futurism,2026-06-08T14:37:00Z,Elon Musk’s SpaceX is going public later this week at a market cap of $1.75 trillion. To justify such a number could be virtually impossible.
2026-06-09,consumer,retail sales,"Government to sell 3% stake in NLC India through OFS, sets floor price at Rs 303",The Times of India,2026-06-08T14:36:28Z,"The government has launched a two-day offer for sale in NLC India, aiming to divest up to 3% stake through a base offer and greenshoe option. The issue, priced at a discount to the market rate, could raise up to Rs 1,263 crore and forms part of the broader di…"
2026-06-09,consumer,retail sales,Real estate powerhouse Frisbie Group navigates string of setbacks,The Real Deal,2026-06-08T14:30:00Z,"Developers don’t always get what they want in South Florida, as the Frisbie Group has been reminded this year. Months after redevelopment plans unraveled for a Palm Beach assemblage anchored by the former IberiaBank building at 180 Royal Palm Way, the firm an…"
2026-06-09,consumer,retail sales,Scientific Games and Hellenic Lotteries Partner to Provide World-Class Scratchcard Entertainment Experiences to Greek Players,PRNewswire,2026-06-08T14:30:00Z,"New Games Launch as Part of Hellenic Lotteries' New Concession of Greek State Lotteries ATLANTA, June 8, 2026 /PRNewswire/ -- Scientific Games, the world's largest lottery games company, and Hellenic Lotteries, part of Allwyn Hellas, the leading gaming group …"
2026-06-09,consumer,retail sales,Boot Barn Holdings (BOOT) Slipped as Consumer Discretionary Faces Geopolitical Tensions,Yahoo Entertainment,2026-06-08T14:29:56Z,"Bell Global Equities Fund, managed by Bell Asset Management, released its latest investor update, available for download. March saw heightened volatility due..."
2026-06-09,consumer,retail sales,"Smart Home Market Expected to Reach US$ 1,434.47 Billion by 2034",GlobeNewswire,2026-06-08T14:21:00Z,"Smart home market size is projected to reach US$ 1,434.47 billion by 2034 from US$ 159.92 billion in 2025 at CAGR of 27.60%..."
2026-06-09,consumer,retail sales,"Baker at the centre of Binky Felstead freebie cake row speaks out in support of 'cake shed' owners forced to pay £1,000 to operate - declaring that local councils 'hate joy and community'",Dailymail.com,2026-06-08T14:10:42Z,"Reshmi Bennett has spoken out in support of mothers selling brownies from their driveways who are at risk of being forced to pay a £1,000 licence by killjoy councils."
2026-06-09,consumer,retail sales,"ODW Logistics Names New CCO and CIO, Strengthening Commercial and Technology Leadership for Long-Term Growth",GlobeNewswire,2026-06-08T14:01:00Z,"Paul Boothe joins as Chief Commercial Officer, and Brian Parsons is promoted to Chief Information Officer, advancing the company’s next phase of growth and innovation Paul Boothe joins as Chief Commercial Officer, and Brian Parsons is promoted to Chief Inform…"
2026-06-09,consumer,retail sales,"Automated Pallet Truck Market to Reach USD 3.29 Billion by 2032, Expanding at 13.2% CAGR Amid Warehouse Automation Boom | Valuates Reports",PRNewswire,2026-06-08T14:01:00Z,"BANGALORE, India, June 8, 2026 /PRNewswire/ -- What is the Market Size of Automated Pallet Truck? The global Automated Pallet Truck market was valued at USD 1401 Million in 2025 and is anticipated to reach USD 3290 Million by 2032, at a CAGR of 13.2% from 202…"
2026-06-09,consumer,retail sales,How brands are celebrating 250 years of America amid political polarization,Marketing Dive,2026-06-08T13:55:00Z,Major marketers looking to engage U.S. consumers around the milestone must prove their bona fides or risk looking like bandwagoners.
2026-06-09,consumer,retail sales,The women running Europe in 2026,Fortune,2026-06-08T13:52:34Z,Twenty of the leaders celebrated in Fortune’s Most Powerful Women list are from Europe. Their roles reveal where power is concentrated across the continent and what it takes to reach the top of European business.
2026-06-09,consumer,retail sales,“Taking back control” – will Rémy Cointreau’s plans pay off?,just-drinks.com,2026-06-08T13:50:27Z,The French spirits group has fleshed out its plans to grow sales and profits but it won’t be an easy task.
2026-06-09,consumer,e-commerce,Unveiling Germany's Social Commerce Boom: From TikTok Shop to Retail Media,GlobeNewswire,2026-06-08T14:52:00Z,"The German social commerce market is poised for strong growth, focusing on seamless purchasing experiences via platforms like TikTok. Opportunities lie in integrating logistics, enhancing transaction trust, and leveraging social platforms as retail media. Key…"
2026-06-09,consumer,e-commerce,"Bitespeed Crosses 8M ARR, Grows 3X YoY, Turns Profitable",BusinessLine,2026-06-08T14:43:41Z,"Bitespeed Crosses 8M ARR, Grows 3X YoY, Turns Profitable"
2026-06-09,consumer,e-commerce,GameStop Shares Edge Higher in Early Trading as Meme Stock Volatility Lingers,Ibtimes.com.au,2026-06-08T14:39:54Z,"GameStop shares rose modestly amid ongoing transformation efforts. The company focuses on cost reduction and diversification, facing challenges in a digital-first market while maintaining strong cash reserves."
2026-06-09,consumer,e-commerce,Rumors Swirl As Carvana Eyeballs Slate EVs Which Aren’t Even Used Yet,CleanTechnica,2026-06-08T14:14:44Z,"The online used car sales platform Carvana is selling a lot of used EVs these days, and now rumor has it that the firm is nailing down a foothold in new EVs through the startup Slate Auto.
The post Rumors Swirl As Carvana Eyeballs Slate EVs Which Aren’t Even …"
2026-06-09,consumer,e-commerce,Iconex Unveils Redesigned Website Featuring Enhanced Product Pages and New Solutions Experience,GlobeNewswire,2026-06-08T14:10:00Z,"Morristown, Tenn., June 08, 2026 (GLOBE NEWSWIRE) -- Iconex, an M2S Group company, today announced the launch of its redesigned website, delivering a more streamlined and intuitive experience for customers exploring its products and solutions."
2026-06-09,consumer,e-commerce,"2026 Protein Market Report: Whey Supply Crisis, FMCG-Led Growth Surge, and Ingredient Import Disruptions Reshape the $133 Billion Industry",PRNewswire,2026-06-08T14:01:00Z,"PUNE, India, June 8, 2026 /PRNewswire/ -- Market Decipher has released the Global Protein Market Report, 2026–2036 — a decision-grade intelligence study for senior executives navigating the most structurally disrupted protein cycle in modern food industry his…"
2026-06-09,consumer,e-commerce,From the Ashes of Kantamanto: Finding Life in ‘Dead White Man’s Clothes’,WWD,2026-06-08T14:00:20Z,"The inauguration of the first-ever unified business association marks a turning point for 30,000 traders fighting to transform the world’s largest secondhand hub into a zero-waste ecosystem."
2026-06-09,consumer,e-commerce,Argosy Investors Trimmed Wayfair (W) for Valuation Purposes,Yahoo Entertainment,2026-06-08T13:35:29Z,"Argosy Investors, an investment management company, released its Q1 2026 investor letter. A copy is available to download here. The letter discussed the..."
2026-06-09,consumer,e-commerce,Rardden Crypto Review 2026: Can You Trust This New Token or Not?,Bitcoinfoundation.org,2026-06-08T13:06:18Z,"Rardden crypto is a new token with the ticker RDN. Publicly available information gives the total RDN token supply as 1 billion tokens. Little is...
The post Rardden Crypto Review 2026: Can You Trust This New Token or Not? appeared first on Bitcoin Foundation."
2026-06-09,consumer,e-commerce,Nexera Technologies: Subsidiary Fort Technology Commences Trading on Nasdaq Under Ticker “FRTT” Today,GlobeNewswire,2026-06-08T12:36:00Z,"As of June 4, 2026, based on the closing price of Fort common shares on the TSX Venture Exchange, Fort’s market capitalization was approximately US$46.4 million, Nexera to hold approximately 70.94% of the issued and outstanding common shares after trading on …"
2026-06-09,consumer,e-commerce,12 best online reputation management tools for 2026,Hootsuite.com,2026-06-08T12:17:26Z,"Online reputation monitoring tools help you review conversations, keywords, mentions, and industry news that might impact your business.
The post 12 best online reputation management tools for 2026 appeared first on Social Media Marketing & Management Dashboa…"
2026-06-09,consumer,e-commerce,5 Android 17 Features Apple Needs To Add To iOS 27,BGR,2026-06-08T12:17:00Z,"Rambler, AI auto-fill, and the new on-device Gemini Intelligence to delegate tasks are some Android 17 features that we hope make their way to iOS 27."
2026-06-09,consumer,e-commerce,"Greendot Biopak Pioneers World’s Premium Home Compostable Stretch Film, Closing the Last Major Gap in Packaging Sustainability",BusinessLine,2026-06-08T11:33:45Z,"A certified, high-performance alternative to LLDPE stretch film that delivers natural cling and 3x elongation, leaving behind no toxins, no microplastics, and no compromise, just soil."
2026-06-09,consumer,e-commerce,[Latest] Unified Communications as a Service (UCaaS) Market Size to Hit USD 519 Billion with a Promising CAGR of 19.5% by 2034 - Report by Zion Market Research (ZMR),GlobeNewswire,2026-06-08T11:31:00Z,The unified communications as a service (UCaaS) market size to hit $519 Bn by 2034 from $87.4 Bn in 2024 at a CAGR of 19.5% during the forecast period...
2026-06-09,consumer,e-commerce,Jet Freight Logistics Limited Secures Investor Commitment of INR 67.37 Crore Through Preferential Warrants,BusinessLine,2026-06-08T11:29:37Z,Jet Freight Logistics Limited Secures Investor Commitment of INR 67.37 Crore Through Preferential Warrants
2026-06-09,consumer,consumer sentiment,Nvidia Shares Advance 1.6% as AI Demand Fuels Continued Semiconductor Strength,Ibtimes.com.au,2026-06-08T14:52:26Z,"Nvidia's stock rose 1.58% amid strong AI infrastructure demand, driven by its leading position in AI accelerators and robust growth in data center segments."
2026-06-09,consumer,consumer sentiment,Alphabet GOOG Stock 2026 Outlook: Strong AI Momentum Makes It a Buy for Long-Term Investors,Ibtimes.com.au,2026-06-08T14:50:30Z,"Alphabet Inc. continues to dominate digital advertising and expand AI capabilities, making it a compelling long-term investment. Despite regulatory risks, its diversified model and innovation culture support growth."
2026-06-09,consumer,consumer sentiment,Navitas Semiconductor Shares Rise Modestly as GaN Tech Demand Grows in AI Era,Ibtimes.com.au,2026-06-08T14:48:54Z,"Navitas Semiconductor's GaN technology is gaining traction in AI, electric vehicles, and data centers, offering efficiency and compact design advantages. The company is poised for growth amid rising demand."
2026-06-09,consumer,consumer sentiment,GameStop Shares Edge Higher in Early Trading as Meme Stock Volatility Lingers,Ibtimes.com.au,2026-06-08T14:39:54Z,"GameStop shares rose modestly amid ongoing transformation efforts. The company focuses on cost reduction and diversification, facing challenges in a digital-first market while maintaining strong cash reserves."
2026-06-09,consumer,consumer sentiment,Boot Barn Holdings (BOOT) Slipped as Consumer Discretionary Faces Geopolitical Tensions,Yahoo Entertainment,2026-06-08T14:29:56Z,"Bell Global Equities Fund, managed by Bell Asset Management, released its latest investor update, available for download. March saw heightened volatility due..."
2026-06-09,consumer,consumer sentiment,"Dow Jones Surges 259 Points to Close Above 51,000 as Markets Climb Broadly",Ibtimes.com.au,2026-06-08T13:33:25Z,"The Dow Jones Industrial Average surpassed 51,000, driven by strong corporate earnings and economic resilience, with technology and financial sectors leading gains amid reduced recession fears."
2026-06-09,consumer,consumer sentiment,"Numerator Consumer Goods Price Index Reveals Highest Inflation in Over Two Years, With Prices Up 2.9%",GlobeNewswire,2026-06-08T13:00:00Z,Concern About Rising Prices Continues to Climb as Low- and Middle-Income Households Face Disproportionate Inflationary Pressure Concern About Rising Prices Continues to Climb as Low- and Middle-Income Households Face Disproportionate Inflationary Pressure
2026-06-09,consumer,consumer sentiment,"100 days of war, Delta's trans-Pacific push, YouTube creators take on Hollywood and more in Morning Squawk",CNBC,2026-06-08T12:49:25Z,Here are five key things investors need to know to start the trading day.
2026-06-09,consumer,consumer sentiment,12 best online reputation management tools for 2026,Hootsuite.com,2026-06-08T12:17:26Z,"Online reputation monitoring tools help you review conversations, keywords, mentions, and industry news that might impact your business.
The post 12 best online reputation management tools for 2026 appeared first on Social Media Marketing & Management Dashboa…"
2026-06-09,consumer,consumer sentiment,BTC price bottom not due until Q4? Five things to know in Bitcoin this week,Cointelegraph,2026-06-08T11:40:55Z,"Bitcoin appears months away from a bear-market bottom this week, analysis concludes as $60,000 hangs in the balance."
2026-06-09,consumer,consumer sentiment,Trump’s Economy Polling Slides as Iran War Saps His Superpower,Financial Post,2026-06-08T11:18:41Z,President Donald Trump is barreling toward the midterm elections with a vulnerability that’s something new in his political life: Voters are losing faith in the Trump economy.
2026-06-09,consumer,consumer sentiment,ADI Predictstreet Goes Live as the Countdown to the FIFA World Cup 2026™ Begins,Financial Post,2026-06-08T11:03:06Z,"ADI Predictstreet, FIFA’s Official Prediction Market Partner of the FIFA World Cup 2026™, will enable secure, transparent, and scalable participation ahead of the world’s largest sporting event ADI Predictstreet is built on ADI Chain’s institutional-grade dig…"
2026-06-09,consumer,consumer sentiment,ADI Predictstreet Goes Live as the Countdown to the FIFA World Cup 2026™ Begins,GlobeNewswire,2026-06-08T11:00:00Z,"ADI Predictstreet, the global prediction market platform that is the FIFA Official Prediction Market Partner for the FIFA World Cup 2026™, goes live...."
2026-06-09,consumer,consumer sentiment,The Stock Market's Biggest Winners And Losers Of 2026 So Far,Forbes,2026-06-08T10:30:00Z,"Curious about who is leading and who is lagging this year? Explore the stock market's biggest winners and losers of 2026 so far, featuring performance metrics and analysis."
2026-06-09,energy,oil price,Europe Watches Its Economic Recovery Fade Into the Distance - The New York Times,Slashdot.org,2026-06-08T14:53:16Z,Europe Watches Its Economic Recovery Fade Into the DistanceThe New York Times Is the euro area facing a significant economic slowdown in 2026?Investing.com Euro zone firms struggle to raise prices despite Iran war shockReuters ECB Needs to See If Energy Feedi…
2026-06-09,energy,oil price,Mixed Messages: Iran Claims to Be Done Bombing Israel but Threatens American Oil Facilities,Breitbart News,2026-06-08T14:42:09Z,"The Iranian armed forces claimed in comments published on Monday that the missile assault on Israel they launched the day before had concluded — but reportedly threatened continued bombings, including against American oil facilities, if the terror regime cons…"
2026-06-09,energy,oil price,Texas Gas Drillers Shut Out of Oil Price Rally Turn to Shutting Off Wells,Financial Post,2026-06-08T14:40:42Z,"Two extremes are currently playing out in the Permian Basin. Drillers are reaping the benefits of a historic price rally due to the Iran war. But when it comes to natural gas, they’re having to pay customers to take it away."
2026-06-09,energy,oil price,S&P 500 companies are talking about oil prices constantly but barely changing their forecasts,Crypto Briefing,2026-06-08T14:39:46Z,"Despite frequent mentions of oil prices, S&P 500 firms' stable forecasts suggest resilience and strategic hedging against cost fluctuations.
The post S&P 500 companies are talking about oil prices constantly but barely changing their forecasts appeared first …"
2026-06-09,energy,oil price,"Exxon CEO delivers blunt message on oil prices, economy",TheStreet,2026-06-08T14:37:00Z,Oil futures spent much of the spring moving sideways while something very different was happening in the physical market. Inventories were disappearing...
2026-06-09,energy,oil price,Escalating Strike Action at Australian LNG Sites Could Hit Supply,OilPrice.com,2026-06-08T14:30:00Z,"Workers at Australian LNG export facilities of Japanese energy firm Inpex have voted to escalate the strike action at all three sites to work stoppages of up to 8 hours per day, up from 4 hours currently, from June 11, which could further tighten the global g…"
2026-06-09,energy,oil price,Asus ROG Zephyrus Duo (2026): Built for People Who Have Outgrown Standard Laptops,PCMag.com,2026-06-08T14:21:06Z,"ASUS has put two full 16-inch OLED panels into a 2.82kg gaming laptop, and backed them with hardware capable enough that neither screen feels wasted. At AED 33,999, it's the most serious attempt yet at making a dual-screen setup genuinely portable."
2026-06-09,energy,oil price,Shell plc Commences Registered Exchange Offers for Notes Issued in Connection with Prior Private Exchange Offer by Shell Finance US Inc.,GlobeNewswire,2026-06-08T14:10:00Z,"Press Release  June 8, 2026  Shell plc Commences Registered ExchangeOffers for Notes Issued in Connection with Prior Private Exchange Offer by Shell..."
2026-06-09,energy,oil price,European drivers cutting down on fuel amid Iran war,RT,2026-06-08T14:07:58Z,"Eurozone fuel sales post steepest drop since 2023, with inflation still on the rise amid the oil shock and the Iran war, EU data show Read Full Article at RT.com"
2026-06-09,energy,oil price,US Stocks Rebound From Selloff as Nvidia Leads Big-Tech Gains,Financial Post,2026-06-08T14:07:28Z,"US stocks bounced back on Monday from the worst rout this year, as a selloff in technology stocks eased and traders assessed flaring tensions in the Middle East, which supported oil prices and energy shares."
2026-06-09,energy,oil price,Steve Hilton: Trump Will Help Him Lower Gas Prices Only In California,Crooksandliars.com,2026-06-08T14:06:05Z,"Fox News host Maria Bartiromo gave a tongue bath to
 hosted California Republican gubernatiorial candidate Steve Hilton. Predictably, she pointed to Trump's own policies which have led to skyrocketing gas prices to claim Hilton can lower gas prices with Trum…"
2026-06-09,energy,oil price,Challenges and opportunities for plastic versus mixed waste enterprises in Greater Accra and Kisumu: A qualitative study,Plos.org,2026-06-08T14:00:00Z,"Consumption of products packaged in plastics is growing in Sub-Saharan African cities, whose populations often lack solid waste management (SWM) services. The informal sector often fills gaps in plastic waste collection and recovery that are not met by formal…"
2026-06-09,energy,oil price,The women running Europe in 2026,Fortune,2026-06-08T13:52:34Z,Twenty of the leaders celebrated in Fortune’s Most Powerful Women list are from Europe. Their roles reveal where power is concentrated across the continent and what it takes to reach the top of European business.
2026-06-09,energy,oil price,U.S. Cities See Public Transit Use Grow as Fuel Prices Remain High,Yale.edu,2026-06-08T13:31:00Z,"In U.S. cities, ridership on public transit is growing as the Iran War keeps gasoline prices high.Read more on E360 →"
2026-06-09,energy,oil price,Eurozone Fuel Sales Fall 3.5% as Iran War Sends Prices Surging,OilPrice.com,2026-06-08T13:30:00Z,Automotive fuel sales in the Eurozone slumped by the most in two and a half years in April as drivers reduced gasoline and diesel purchases as prices jumped in the wake of the Iran war. Sales of automotive fuel in specialized stores declined in the Eurozone b…
2026-06-09,energy,renewable energy,AI in Energy Market Report 2026,GlobeNewswire,2026-06-08T14:50:00Z,"The AI in energy market is thriving due to rising energy demands, grid automation, renewable expansion, and smart tech. Growth drivers include AI grid intelligence, microgrid usage, and predictive energy analytics. Opportunities abound in grid optimization, e…"
2026-06-09,energy,renewable energy,Navitas Semiconductor Shares Rise Modestly as GaN Tech Demand Grows in AI Era,Ibtimes.com.au,2026-06-08T14:48:54Z,"Navitas Semiconductor's GaN technology is gaining traction in AI, electric vehicles, and data centers, offering efficiency and compact design advantages. The company is poised for growth amid rising demand."
2026-06-09,energy,renewable energy,Tesla Shares Climb 3% in Early Trading Amid Strong EV and AI Sentiment,Ibtimes.com.au,2026-06-08T14:46:06Z,"Tesla shares rose 3.03% to $402.85, driven by positive electric vehicle market conditions and enthusiasm for its autonomous driving and energy storage innovations."
2026-06-09,energy,renewable energy,New York Just Got a Huge Influx of Clean Power. It Still Needs More,Financial Post,2026-06-08T14:45:44Z,The Champlain Hudson Power Express carries abundant hydropower from Quebec to Queens. It only goes partway toward meeting the state’s fast-rising electricity demand.
2026-06-09,energy,renewable energy,"Government to sell 3% stake in NLC India through OFS, sets floor price at Rs 303",The Times of India,2026-06-08T14:36:28Z,"The government has launched a two-day offer for sale in NLC India, aiming to divest up to 3% stake through a base offer and greenshoe option. The issue, priced at a discount to the market rate, could raise up to Rs 1,263 crore and forms part of the broader di…"
2026-06-09,energy,renewable energy,Nebius chooses Kao Data's Harlow campus for major AI infrastructure deployment,PRNewswire,2026-06-08T14:34:00Z,"10-year agreement will directly support AI innovation in the UK's leading academic and research communities, aligned with the goals of the Government's AI Opportunities Action Plan. Reinforces Kao Data's Harlow campus as a leading hub for industrial-scale AI …"
2026-06-09,energy,renewable energy,"Indian companies invest CAD 11 billion in Canada, create over 33,000 jobs",BusinessLine,2026-06-08T14:32:13Z,The findings come as India and Canada work toward concluding a Comprehensive Economic Partnership Agreement and aim to raise bilateral trade to USD 50 billion by 2030
2026-06-09,energy,renewable energy,Permission granted for €1bn data centre campus in Westmeath despite local opposition,TheJournal.ie,2026-06-08T14:30:03Z,The council planners granted a 10-year planning permission to a company owned by Offaly businessman Nigel Reams for a six unit data centre and a decentralised energy resource on town lands across Rochfortbridge.
2026-06-09,energy,renewable energy,Air Circuit Breaker Market Size to Hit USD 9.22 Billion by 2035 | Research by SNS Insider,GlobeNewswire,2026-06-08T14:30:00Z,"Global Air Circuit Breaker Market Size, Share, Revenue Trends & Segmentation by Voltage Type, End User Industry, Application, Region & Forecast 2026-2035..."
2026-06-09,energy,renewable energy,"Smart Home Market Expected to Reach US$ 1,434.47 Billion by 2034",GlobeNewswire,2026-06-08T14:21:00Z,"Smart home market size is projected to reach US$ 1,434.47 billion by 2034 from US$ 159.92 billion in 2025 at CAGR of 27.60%..."
2026-06-09,energy,renewable energy,Fire Pump Market to Reach US$ 757.7 Mn by 2033 Driven by Fire Safety Compliance and Infrastructure Expansion - Persistence Market Research,PRNewswire,2026-06-08T14:01:00Z,"LONDON, June 8, 2026 /PRNewswire/ -- The global fire pump market is growing steadily, expected to be valued at around US$ 591.5 million in 2026 and projected to reach US$ 757.7 million by 2033, with a CAGR of 3.6% in the coming years. This expansion is driven…"
2026-06-09,energy,renewable energy,High-performance Fiber Market to Reach USD 43.4 Billion by 2036 as Aerospace Lightweighting and Electric Vehicle Adoption Accelerate Global Demand,PRNewswire,2026-06-08T14:01:00Z,"NEWARK, Del., June 8, 2026 /PRNewswire/ -- The global High-performance Fiber Market is entering a new phase of strategic expansion, supported by rising aerospace production, defense modernization programs, automotive lightweighting initiatives, and renewable …"
2026-06-09,energy,renewable energy,Cuba's iconic antique cars sit idle as US energy blockade deepens fuel crisis...,Associated Press,2026-06-08T14:00:13Z,"Many of Cuba's iconic gas guzzling antique cars sit idle, a symbol of the island's ongoing fuel crisis. Since January, the U.S. blockade has starved the island of fuel. Cuba is experiencing one of its most severe energy crises in years. The population, alread…"
2026-06-09,energy,renewable energy,Female Power Meets Green Power in Fiji,GlobeNewswire,2026-06-08T14:00:00Z,Briggs & Stratton Partners with It’s Time Foundation for First-Ever All Female Install Briggs & Stratton Partners with It’s Time Foundation for First-Ever All Female Install
2026-06-09,energy,renewable energy,5 Ways Data Centers Endanger Their Local Communities and the Country as a Whole,Nakedcapitalism.com,2026-06-08T13:55:51Z,Yet more on why you should hate data centers.
2026-06-09,energy,energy crisis,The Leopards Have Finally Come for the Mormon Face of Sen. Mike Lee,Jezebel,2026-06-08T14:47:05Z,"MAGA warriors led by Utah Sen. Mike Lee, a proud Mormon, are feuding with each other over Christian semantics."
2026-06-09,energy,energy crisis,India’s Current Account Gap Beats Forecasts as Remittances Surge,Financial Post,2026-06-08T14:40:55Z,"India’s current account fared better than expected in the year ended March, with the deficit staying flat as strong services receipts and higher remittances offset disruptions caused by the Iran war."
2026-06-09,energy,energy crisis,Escalating Strike Action at Australian LNG Sites Could Hit Supply,OilPrice.com,2026-06-08T14:30:00Z,"Workers at Australian LNG export facilities of Japanese energy firm Inpex have voted to escalate the strike action at all three sites to work stoppages of up to 8 hours per day, up from 4 hours currently, from June 11, which could further tighten the global g…"
2026-06-09,energy,energy crisis,Leinster deserve credit for sticking to their guns,RTE,2026-06-08T14:23:37Z,"Leinster will get little credit if they win the United Rugby Championship in a fortnight, though they should be praised for sticking to their guns and overcoming their disappointment in Europe, should they get across the line against the Bulls."
2026-06-09,energy,energy crisis,From the Ashes of Kantamanto: Finding Life in ‘Dead White Man’s Clothes’,WWD,2026-06-08T14:00:20Z,"The inauguration of the first-ever unified business association marks a turning point for 30,000 traders fighting to transform the world’s largest secondhand hub into a zero-waste ecosystem."
2026-06-09,energy,energy crisis,Cuba's iconic antique cars sit idle as US energy blockade deepens fuel crisis...,Associated Press,2026-06-08T14:00:13Z,"Many of Cuba's iconic gas guzzling antique cars sit idle, a symbol of the island's ongoing fuel crisis. Since January, the U.S. blockade has starved the island of fuel. Cuba is experiencing one of its most severe energy crises in years. The population, alread…"
2026-06-09,energy,energy crisis,U.S. Gasoline Inventories Are Falling at a Record Pace,OilPrice.com,2026-06-08T14:00:00Z,"U.S. gasoline inventories aren’t at record lows, but they are falling fast. The distinction is important. The current level of inventories does not point to an immediate shortage. But the speed of the drawdown suggests the fuel market has been burning through…"
2026-06-09,energy,energy crisis,U.S. Cities See Public Transit Use Grow as Fuel Prices Remain High,Yale.edu,2026-06-08T13:31:00Z,"In U.S. cities, ridership on public transit is growing as the Iran War keeps gasoline prices high.Read more on E360 →"
2026-06-09,energy,energy crisis,Eurozone Fuel Sales Fall 3.5% as Iran War Sends Prices Surging,OilPrice.com,2026-06-08T13:30:00Z,Automotive fuel sales in the Eurozone slumped by the most in two and a half years in April as drivers reduced gasoline and diesel purchases as prices jumped in the wake of the Iran war. Sales of automotive fuel in specialized stores declined in the Eurozone b…
2026-06-09,energy,energy crisis,Fitch expects Brent to stay at $100-110/barrel in June-July during Hormuz closure,Crypto Briefing,2026-06-08T13:27:52Z,"The prolonged Hormuz closure could lead to sustained global economic strain, influencing energy policies and geopolitical alliances.
The post Fitch expects Brent to stay at $100-110/barrel in June-July during Hormuz closure appeared first on Crypto Briefing."
2026-06-09,energy,energy crisis,"Microsoft’s AI chief says superintelligence is near, but won’t take your job",The Verge,2026-06-08T13:17:24Z,"Today I’m talking with Mustafa Suleyman, the CEO of Microsoft AI. And I’m actually going to keep today’s intro short — I’m working from my wife’s family farm this week, as you’ll see in the video, but also this is a real burner of an episode. We covered every…"
2026-06-09,energy,energy crisis,"Current price of oil as of June 8, 2026",Fortune,2026-06-08T13:11:21Z,"When oil prices change, it affects your energy costs—and even the price of everyday items. Here’s why."
2026-06-09,energy,energy crisis,Deadpan Drive-Bys,Landezine.com,2026-06-08T12:54:44Z,"60 years ago, this week, the American artist Ed Ruscha took a memorable ride down Los Angeles’ Sunset Strip LA is an elusive place: all flesh and no soul, all buildings and no architecture, all property and no land, all electricity and no light, all billboard…"
2026-06-09,energy,energy crisis,Why Iran And Russia Are Slashing Oil Prices As China's Refiners Cut Crude Purchases,Abplive.com,2026-06-08T12:39:35Z,"The discounts being offered by Iran are, for now, a measure of how much leverage has shifted toward buyers, even as those buyers struggle to stay profitable."
2026-06-09,energy,energy crisis,OPEC+ approves fourth consecutive oil output increase as Strait of Hormuz crisis deepens,Crypto Briefing,2026-06-08T12:39:14Z,"The prolonged Strait of Hormuz crisis exacerbates global energy instability, impacting oil-dependent industries and influencing crypto market dynamics.
The post OPEC+ approves fourth consecutive oil output increase as Strait of Hormuz crisis deepens appeared …"
2026-06-09,geopolitics,North Korea,AI in Energy Market Report 2026,GlobeNewswire,2026-06-08T14:50:00Z,"The AI in energy market is thriving due to rising energy demands, grid automation, renewable expansion, and smart tech. Growth drivers include AI grid intelligence, microgrid usage, and predictive energy analytics. Opportunities abound in grid optimization, e…"
2026-06-09,geopolitics,North Korea,"Smart Home Market Expected to Reach US$ 1,434.47 Billion by 2034",GlobeNewswire,2026-06-08T14:21:00Z,"Smart home market size is projected to reach US$ 1,434.47 billion by 2034 from US$ 159.92 billion in 2025 at CAGR of 27.60%..."
2026-06-09,geopolitics,North Korea,The Galaxy Z Flip8 will use the Exynos 2600 in these regions,Notebookcheck.net,2026-06-08T14:04:00Z,Samsung will split the Galaxy Z Flip8 across two chipsets by region: Exynos 2600 in South Korea and Europe and Snapdragon everywhere else. This is a departure from the Exynos 2500 used globally in the Flip7 from last year. The shift is driven by margin protec…
2026-06-09,geopolitics,North Korea,"Amidst Iran, Ukraine conflicts, China President Xi Jinping, North Korea leader Kim Jong Un sends message to Donald Trump, Vladimir Putin",The Times of India,2026-06-08T14:03:26Z,Chinese president's first trip to North Korea since 2019 and also his first foreign visit this year.
2026-06-09,geopolitics,North Korea,South Korea police raid Bithumb over lawmaker hiring favoritism probe: report,Cointelegraph,2026-06-08T14:02:36Z,South Korean police reportedly raided Bithumb as part of an investigation into allegations that lawmaker Kim Byung-gi sought to influence crypto-sector hiring decisions involving his son.
2026-06-09,geopolitics,North Korea,There’s bad news if you want fewer Exynos phones in 2027,Android Authority,2026-06-08T14:01:54Z,"The Samsung Galaxy Z Flip 8 could get an Exynos chip in these regions, but you should also brace for more Exynos releases in 2027."
2026-06-09,geopolitics,North Korea,"2026 Protein Market Report: Whey Supply Crisis, FMCG-Led Growth Surge, and Ingredient Import Disruptions Reshape the $133 Billion Industry",PRNewswire,2026-06-08T14:01:00Z,"PUNE, India, June 8, 2026 /PRNewswire/ -- Market Decipher has released the Global Protein Market Report, 2026–2036 — a decision-grade intelligence study for senior executives navigating the most structurally disrupted protein cycle in modern food industry his…"
2026-06-09,geopolitics,North Korea,"Active Optical Cable Market Fueled by AI Data-Center Traffic, Says Strategic Market Research",PRNewswire,2026-06-08T14:01:00Z,"Global Active Optical Cable Market to grow from USD 3.6 billion in 2024 to USD 7.8 billion by 2030 as data centers, telecom operators, and high-performance computing environments shift toward low-latency, high-bandwidth optical interconnects SAMBALPUR, India,…"
2026-06-09,geopolitics,North Korea,Metaverse in Entertainment Market worth $121.96 billion by 2032 | Exclusive Report by MarketsandMarkets™,PRNewswire,2026-06-08T14:01:00Z,"DELRAY BEACH, Fla., June 8, 2026 /PRNewswire/ -- According to MarketsandMarkets™, the global Metaverse in Entertainment Market size will grow to USD 121.96 billion by 2032 from USD 30.6 billion in 2026, at a CAGR of 25.9% during the forecast period. Browse 15…"
2026-06-09,geopolitics,North Korea,"Automated Pallet Truck Market to Reach USD 3.29 Billion by 2032, Expanding at 13.2% CAGR Amid Warehouse Automation Boom | Valuates Reports",PRNewswire,2026-06-08T14:01:00Z,"BANGALORE, India, June 8, 2026 /PRNewswire/ -- What is the Market Size of Automated Pallet Truck? The global Automated Pallet Truck market was valued at USD 1401 Million in 2025 and is anticipated to reach USD 3290 Million by 2032, at a CAGR of 13.2% from 202…"
2026-06-09,geopolitics,North Korea,Discovery of a novel coltivirus in a newly identified Bat Bug Species (Heteroptera: Cimicidae) in Cambodia,Plos.org,2026-06-08T14:00:00Z,"Author summary In this study, we identify a novel coltivirus, named Stricticimex coltivirus (SCCV), in a newly described bat bug species collected from cave-dwelling bats in Cambodia. Using metagenomic sequencing and phylogenetic analysis, we find that SCCV i…"
2026-06-09,geopolitics,North Korea,McCormick Place Becomes First Facility to Earn ISSA CIMS Sustainability Cleaning Certification,GlobeNewswire,2026-06-08T13:43:00Z,"McCormick Place becomes the first facility to earn ISSA CIMS Sustainability Certification, setting a new standard for events and sustainable cleaning...."
2026-06-09,geopolitics,North Korea,9 World Cup records that could fall in North America in 2026,The Big Lead,2026-06-08T13:35:27Z,"The 2026 FIFA World Cup is going to look and feel different from any version that came before it. The expanded 48-team format, explained by The Athletic, is built to rewrite the record book of the world’s most-watched sporting event.…"
2026-06-09,geopolitics,North Korea,Soccer In The MENA Region Is Re-Shaping The World Cup,Forbes,2026-06-08T13:32:42Z,"The MENA region has quickly become a host destination for FIFA's World Cup tournament, as well as a lucrative source of revenues for football's global governing body."
2026-06-09,geopolitics,North Korea,Kim Jong Un hosts Xi Jinping from a position of rare strength,NBC News,2026-06-08T13:30:21Z,Kim Jong Un offered China’s president a grand welcome Monday.
2026-06-09,geopolitics,US China trade,Industrial Robotics Market worth $20.80 billion by 2032 - Exclusive Report by MarketsandMarkets™,PRNewswire,2026-06-08T14:15:00Z,"DELRAY BEACH, Fla., June 8, 2026 /PRNewswire/ -- According to MarketsandMarkets™, the industrial robotics market is projected to grow from USD 15.50 billion in 2026 to reach USD 20.80 billion by 2032, registering a CAGR of 5.0% during the forecast period. Bro…"
2026-06-09,geopolitics,US China trade,From the Ashes of Kantamanto: Finding Life in ‘Dead White Man’s Clothes’,WWD,2026-06-08T14:00:20Z,"The inauguration of the first-ever unified business association marks a turning point for 30,000 traders fighting to transform the world’s largest secondhand hub into a zero-waste ecosystem."
2026-06-09,geopolitics,US China trade,Reinforcement learning for policymaking in epidemic control: A scoping review,Plos.org,2026-06-08T14:00:00Z,"Background Managing an epidemic demands policies that respond at the pace of the outbreak. Conventional rule‑based interventions struggle to keep up, prompting interest in reinforcement learning (RL) for designing non‑pharmaceutical interventions (NPIs). Howe…"
2026-06-09,geopolitics,US China trade,McCormick Place Becomes First Facility to Earn ISSA CIMS Sustainability Cleaning Certification,GlobeNewswire,2026-06-08T13:43:00Z,"McCormick Place becomes the first facility to earn ISSA CIMS Sustainability Certification, setting a new standard for events and sustainable cleaning...."
2026-06-09,geopolitics,US China trade,A Different UK Within a Different EU in a More Dangerous World,Fair Observer,2026-06-08T13:00:57Z,"“There is a tide in the affairs of menWhich, taken at the flood, leads on to fortune;Omitted, all the voyage of their lifeIs bound in shallows and in miseries.On such a full sea are we now afloat;And we must take the current when it serves,Or lose our venture…"
2026-06-09,geopolitics,US China trade,Are we at the start of a new investment super-cycle?,Financial Post,2026-06-08T12:54:42Z,"AI, clean energy and defence spending are reinforcing each other around the world, require greater capital infusions. Keep reading here."
2026-06-09,geopolitics,US China trade,Xi and Kim express hopes for greater ties between China and North Korea,NPR,2026-06-08T12:49:50Z,Xi traveled to Pyongyang on Monday in a likely attempt to reassert China's unique influence over its socialist neighbor.
2026-06-09,geopolitics,US China trade,Can Xi bring North Korea closer into Beijing's orbit?,DW (English),2026-06-08T12:47:00Z,"The Chinese leader's first trip to North Korea in 7 years comes as Pyongyang has moved closer to Russia. Kim Jong Un is likely to seek more access to China's economic power, analysts say. Chinese President Xi Jinping arrived in Pyongyang on Monday for his fir…"
2026-06-09,geopolitics,US China trade,Xi and Kim Express Hopes for Greater Ties Between China and North Korea,Military.com,2026-06-08T12:12:30Z,Chinese President Xi Jinping and North Korean leader Kim Jong Un underscored their commitment to deepen cooperation in a closely watched summit.
2026-06-09,geopolitics,US China trade,The European Allies are Moving On: How Trump’s MAGA is Accelerating the Decline of U.S. Global Power,Globalresearch.ca,2026-06-08T12:11:04Z,"A year ago, when President Donald Trump abruptly announced sweeping unilateral tariff increases in April 2025, much of the world reacted with alarm. 
Governments scrambled to assess the damage, global markets convulsed, and American allies – particularly in E…"
2026-06-09,geopolitics,US China trade,"North Korea, China agree to boost ties as Xi makes rare visit",DW (English),2026-06-08T12:01:00Z,China's President Xi Jinping is on his first visit to North Korea in seven years. It is also Xi's first international trip this year after hosting key summits with US and Russian leaders. Chinese President Xi Jinping and North Korean leader Kim Jong Un have a…
2026-06-09,geopolitics,US China trade,"North Korea, China agree to boost ties as Xi makes rare visit",DW (English),2026-06-08T12:01:00Z,China's President Xi Jinping is on his first visit to North Korea in seven years. It is also Xi's first international trip this year after hosting key summits with US and Russian leaders.
2026-06-09,geopolitics,US China trade,North Korea needs China for survival: Why does Beijing need Pyongyang?,Al Jazeera English,2026-06-08T12:00:42Z,Chinese President Xi Jinping visits North Korea as Beijing aims to boost ties amid growing Pyongyang-Moscow relations.
2026-06-09,geopolitics,US China trade,"With Billions At Stake, China Steps Up Efforts To Mediate End To Pakistan-Taliban Conflict",Globalsecurity.org,2026-06-08T12:00:00Z,"With billions of dollars invested in Pakistan and rising concern about instability in Taliban-ruled Afghanistan, China has intensified diplomatic outreach to encourage Kabul and Islamabad to resolve disputes through dialogue."
2026-06-09,geopolitics,US China trade,Standard BioTools and Treeline Biosciences Announce Merger Agreement,GlobeNewswire,2026-06-08T11:30:00Z,"Combined company to operate as Treeline Biosciences, advancing a deep pipeline of small molecule inhibitors, protein degraders and targeted therapy antibody-drug conjugates"
2026-06-09,geopolitics,geopolitical risk,Nvidia Shares Advance 1.6% as AI Demand Fuels Continued Semiconductor Strength,Ibtimes.com.au,2026-06-08T14:52:26Z,"Nvidia's stock rose 1.58% amid strong AI infrastructure demand, driven by its leading position in AI accelerators and robust growth in data center segments."
2026-06-09,geopolitics,geopolitical risk,AI in Energy Market Report 2026,GlobeNewswire,2026-06-08T14:50:00Z,"The AI in energy market is thriving due to rising energy demands, grid automation, renewable expansion, and smart tech. Growth drivers include AI grid intelligence, microgrid usage, and predictive energy analytics. Opportunities abound in grid optimization, e…"
2026-06-09,geopolitics,geopolitical risk,"D&O Market Expected to Tighten Under Pressure, Says AM Best",Insurance Journal,2026-06-08T14:49:24Z,"Analysts at insurance rating firm AM Best said there are “warning signs” for the directors & offers liability market, leading to shrinking underwriting margins and a tighter environment for buyers in 2026. In a new report, AM Best said 2025 …"
2026-06-09,geopolitics,geopolitical risk,‘Everyone lost’: Russian experts break down Armenia’s election shockwaves,RT,2026-06-08T14:42:02Z,"Russian experts assess Armenia’s election result, Pashinyan’s 49.81% win, opposition pressure claims, and Yerevan’s course away from Moscow Read Full Article at RT.com"
2026-06-09,geopolitics,geopolitical risk,S&P 500 companies are talking about oil prices constantly but barely changing their forecasts,Crypto Briefing,2026-06-08T14:39:46Z,"Despite frequent mentions of oil prices, S&P 500 firms' stable forecasts suggest resilience and strategic hedging against cost fluctuations.
The post S&P 500 companies are talking about oil prices constantly but barely changing their forecasts appeared first …"
2026-06-09,geopolitics,geopolitical risk,"A G7 That Looks Increasingly Like a G20, with India as the Indispensable Guest",Opinion-internationale.com,2026-06-08T14:37:39Z,"Global diplomacy often evolves faster than the institutions designed to organize it. The next G7 summit, which France will host in Évian-les-Bains from June 15 to 17, 2026, offers yet another illustration…
L’article A G7 That Looks Increasingly Like a G20, wi…"
2026-06-09,geopolitics,geopolitical risk,Boot Barn Holdings (BOOT) Slipped as Consumer Discretionary Faces Geopolitical Tensions,Yahoo Entertainment,2026-06-08T14:29:56Z,"Bell Global Equities Fund, managed by Bell Asset Management, released its latest investor update, available for download. March saw heightened volatility due..."
2026-06-09,geopolitics,geopolitical risk,"NCLH Releases Latest Sail & Sustain® Report, Advancing Collective Action Across Environmental and Social Priorities",GlobeNewswire,2026-06-08T14:20:00Z,"MIAMI, June 08, 2026 (GLOBE NEWSWIRE) -- Norwegian Cruise Line Holdings Ltd. (NYSE: NCLH) today released its 2025 Sail & Sustain® Report, highlighting progress across the Company’s global sustainability strategy and its five foundational pillars: Caring for N…"
2026-06-09,geopolitics,geopolitical risk,"Trump says US is close to Iran nuclear deal, warns military action remains on the table",Crypto Briefing,2026-06-08T14:15:33Z,"The potential Iran nuclear deal could stabilize geopolitical tensions, impacting global oil markets and crypto dynamics amid ongoing sanctions.
The post Trump says US is close to Iran nuclear deal, warns military action remains on the table appeared first on …"
2026-06-09,geopolitics,geopolitical risk,Starting Tomorrow! C-Level Technology Leadership and the Rise of Iconic Leaders Will Shape the Conversation at HMG Strategy’s 2026 New York CISO Summit. Be a Part of It. Register Now.,GlobeNewswire,2026-06-08T14:04:00Z,"HMG Strategy’s 2026 New York CISO Summit explores AI, cybersecurity, digital leadership, and enterprise innovation for top technology executives...."
2026-06-09,geopolitics,geopolitical risk,Bittam Launches No-KYC Crypto Perpetual Futures Trading with 200x Leverage and $100 Deposit Bonus,GlobeNewswire,2026-06-08T14:00:00Z,"NEW YORK , June 08, 2026 (GLOBE NEWSWIRE) -- Bittam Exchange today announced the launch of a $300 New User Bonus for newly registered users, offering trading credits to eligible participants who complete account registration and initial trading activities on …"
2026-06-09,geopolitics,geopolitical risk,Nvidia’s Jensen Huang confirms Vera CPUs will use SK Hynix memory chips,Crypto Briefing,2026-06-08T13:50:37Z,"Nvidia's reliance on SK Hynix for memory chips highlights potential supply chain vulnerabilities, impacting AI hardware stability and investor confidence.
The post Nvidia’s Jensen Huang confirms Vera CPUs will use SK Hynix memory chips appeared first on Crypt…"
2026-06-09,geopolitics,geopolitical risk,"Dow Jones Surges 259 Points to Close Above 51,000 as Markets Climb Broadly",Ibtimes.com.au,2026-06-08T13:33:25Z,"The Dow Jones Industrial Average surpassed 51,000, driven by strong corporate earnings and economic resilience, with technology and financial sectors leading gains amid reduced recession fears."
2026-06-09,geopolitics,geopolitical risk,"OPEC+ raises July oil output quota by 188,000 barrels per day, but there’s a catch",Crypto Briefing,2026-06-08T13:25:02Z,"Ongoing geopolitical tensions limit actual oil exports, sustaining high prices and inflation, impacting global monetary policy and risk assets.
The post OPEC+ raises July oil output quota by 188,000 barrels per day, but there’s a catch appeared first on Crypt…"
2026-06-09,geopolitics,geopolitical risk,"US resolution demands Iran provide details on nuclear sites, raising geopolitical risk for crypto markets",Crypto Briefing,2026-06-08T13:02:21Z,"Increased geopolitical tensions from US-Iran nuclear disputes could trigger market volatility, impacting crypto assets and investor strategies.
The post US resolution demands Iran provide details on nuclear sites, raising geopolitical risk for crypto markets …"
